"patch_file","cluster","huc","patch_num","status","comment","reviewer","timestamp"
"cluster_102_huc_020200040103_patch_282.tif",102,"20200040103",282,"valid","","AJS","2/7/26 0:04"
"cluster_152_huc_020200010102_patch_1.tif",152,"020200010102",1,"invalid","","AJS","2026-02-13 14:07:00"
"cluster_152_huc_020200010102_patch_10.tif",152,"020200010102",10,"invalid","","AJS","2026-02-13 14:07:23"
"cluster_152_huc_020200010102_patch_100.tif",152,"020200010102",100,"invalid","","AJS","2026-02-13 14:11:07"
"cluster_152_huc_020200010102_patch_101.tif",152,"020200010102",101,"invalid","","AJS","2026-02-13 14:11:07"
"cluster_152_huc_020200010102_patch_102.tif",152,"020200010102",102,"invalid","","AJS","2026-02-13 14:11:08"
"cluster_152_huc_020200010102_patch_103.tif",152,"020200010102",103,"invalid","","AJS","2026-02-13 14:11:08"
"cluster_152_huc_020200010102_patch_104.tif",152,"020200010102",104,"invalid","","AJS","2026-02-13 14:11:09"
"cluster_152_huc_020200010102_patch_105.tif",152,"020200010102",105,"invalid","","AJS","2026-02-13 14:11:09"
"cluster_152_huc_020200010102_patch_106.tif",152,"020200010102",106,"invalid","","AJS","2026-02-13 14:11:10"
"cluster_152_huc_020200010102_patch_107.tif",152,"020200010102",107,"uncertain","","AJS","2026-02-13 14:11:16"
"cluster_152_huc_020200010102_patch_108.tif",152,"020200010102",108,"uncertain","","AJS","2026-02-13 14:11:19"
"cluster_152_huc_020200010102_patch_109.tif",152,"020200010102",109,"invalid","","AJS","2026-02-13 14:11:21"
"cluster_152_huc_020200010102_patch_11.tif",152,"020200010102",11,"invalid","","AJS","2026-02-13 14:07:24"
"cluster_152_huc_020200010102_patch_110.tif",152,"020200010102",110,"invalid","","AJS","2026-02-13 14:11:22"
"cluster_152_huc_020200010102_patch_111.tif",152,"020200010102",111,"invalid","","AJS","2026-02-13 14:11:22"
"cluster_152_huc_020200010102_patch_112.tif",152,"020200010102",112,"invalid","","AJS","2026-02-13 14:11:23"
"cluster_152_huc_020200010102_patch_113.tif",152,"020200010102",113,"invalid","","AJS","2026-02-13 14:11:23"
"cluster_152_huc_020200010102_patch_114.tif",152,"020200010102",114,"invalid","","AJS","2026-02-13 14:11:24"
"cluster_152_huc_020200010102_patch_115.tif",152,"020200010102",115,"invalid","","AJS","2026-02-13 14:11:25"
"cluster_152_huc_020200010102_patch_116.tif",152,"020200010102",116,"invalid","","AJS","2026-02-13 14:11:25"
"cluster_152_huc_020200010102_patch_117.tif",152,"020200010102",117,"invalid","","AJS","2026-02-13 14:11:26"
"cluster_152_huc_020200010102_patch_118.tif",152,"020200010102",118,"invalid","","AJS","2026-02-13 14:11:27"
"cluster_152_huc_020200010102_patch_119.tif",152,"020200010102",119,"invalid","","AJS","2026-02-13 14:11:27"
"cluster_152_huc_020200010102_patch_12.tif",152,"020200010102",12,"invalid","","AJS","2026-02-13 14:07:27"
"cluster_152_huc_020200010102_patch_120.tif",152,"020200010102",120,"invalid","","AJS","2026-02-13 14:11:28"
"cluster_152_huc_020200010102_patch_121.tif",152,"020200010102",121,"invalid","","AJS","2026-02-13 14:11:29"
"cluster_152_huc_020200010102_patch_122.tif",152,"020200010102",122,"invalid","","AJS","2026-02-13 14:11:29"
"cluster_152_huc_020200010102_patch_123.tif",152,"020200010102",123,"invalid","","AJS","2026-02-13 14:11:30"
"cluster_152_huc_020200010102_patch_124.tif",152,"020200010102",124,"invalid","","AJS","2026-02-13 14:11:31"
"cluster_152_huc_020200010102_patch_125.tif",152,"020200010102",125,"invalid","","AJS","2026-02-13 14:11:32"
"cluster_152_huc_020200010102_patch_126.tif",152,"020200010102",126,"invalid","","AJS","2026-02-13 14:11:32"
"cluster_152_huc_020200010102_patch_127.tif",152,"020200010102",127,"invalid","","AJS","2026-02-13 14:11:33"
"cluster_152_huc_020200010102_patch_13.tif",152,"020200010102",13,"invalid","","AJS","2026-02-13 14:07:28"
"cluster_152_huc_020200010102_patch_14.tif",152,"020200010102",14,"invalid","","AJS","2026-02-13 14:07:31"
"cluster_152_huc_020200010102_patch_15.tif",152,"020200010102",15,"invalid","","AJS","2026-02-13 14:07:33"
"cluster_152_huc_020200010102_patch_16.tif",152,"020200010102",16,"valid","","AJS","2026-02-13 14:07:36"
"cluster_152_huc_020200010102_patch_17.tif",152,"020200010102",17,"invalid","","AJS","2026-02-13 14:07:38"
"cluster_152_huc_020200010102_patch_18.tif",152,"020200010102",18,"valid","","AJS","2026-02-13 14:07:43"
"cluster_152_huc_020200010102_patch_19.tif",152,"020200010102",19,"invalid","","AJS","2026-02-13 14:07:45"
"cluster_152_huc_020200010102_patch_2.tif",152,"020200010102",2,"invalid","","AJS","2026-02-13 14:07:01"
"cluster_152_huc_020200010102_patch_20.tif",152,"020200010102",20,"invalid","","AJS","2026-02-13 14:07:46"
"cluster_152_huc_020200010102_patch_21.tif",152,"020200010102",21,"invalid","","AJS","2026-02-13 14:07:48"
"cluster_152_huc_020200010102_patch_22.tif",152,"020200010102",22,"invalid","","AJS","2026-02-13 14:07:49"
"cluster_152_huc_020200010102_patch_23.tif",152,"020200010102",23,"invalid","","AJS","2026-02-13 14:07:51"
"cluster_152_huc_020200010102_patch_24.tif",152,"020200010102",24,"uncertain","","AJS","2026-02-13 14:07:54"
"cluster_152_huc_020200010102_patch_25.tif",152,"020200010102",25,"invalid","","AJS","2026-02-13 14:07:57"
"cluster_152_huc_020200010102_patch_26.tif",152,"020200010102",26,"uncertain","","AJS","2026-02-13 14:08:00"
"cluster_152_huc_020200010102_patch_27.tif",152,"020200010102",27,"invalid","","AJS","2026-02-13 14:08:02"
"cluster_152_huc_020200010102_patch_28.tif",152,"020200010102",28,"invalid","","AJS","2026-02-13 14:08:05"
"cluster_152_huc_020200010102_patch_29.tif",152,"020200010102",29,"invalid","","AJS","2026-02-13 14:08:06"
"cluster_152_huc_020200010102_patch_3.tif",152,"020200010102",3,"invalid","","AJS","2026-02-13 14:07:03"
"cluster_152_huc_020200010102_patch_30.tif",152,"020200010102",30,"invalid","","AJS","2026-02-13 14:08:09"
"cluster_152_huc_020200010102_patch_31.tif",152,"020200010102",31,"invalid","","AJS","2026-02-13 14:08:16"
"cluster_152_huc_020200010102_patch_32.tif",152,"020200010102",32,"invalid","","AJS","2026-02-13 14:08:19"
"cluster_152_huc_020200010102_patch_33.tif",152,"020200010102",33,"invalid","","AJS","2026-02-13 14:08:20"
"cluster_152_huc_020200010102_patch_34.tif",152,"020200010102",34,"invalid","","AJS","2026-02-13 14:08:22"
"cluster_152_huc_020200010102_patch_35.tif",152,"020200010102",35,"uncertain","","AJS","2026-02-13 14:08:35"
"cluster_152_huc_020200010102_patch_36.tif",152,"020200010102",36,"invalid","","AJS","2026-02-13 14:08:38"
"cluster_152_huc_020200010102_patch_37.tif",152,"020200010102",37,"invalid","","AJS","2026-02-13 14:08:40"
"cluster_152_huc_020200010102_patch_38.tif",152,"020200010102",38,"invalid","","AJS","2026-02-13 14:08:40"
"cluster_152_huc_020200010102_patch_39.tif",152,"020200010102",39,"invalid","","AJS","2026-02-13 14:08:41"
"cluster_152_huc_020200010102_patch_4.tif",152,"020200010102",4,"invalid","","AJS","2026-02-13 14:07:04"
"cluster_152_huc_020200010102_patch_40.tif",152,"020200010102",40,"invalid","","AJS","2026-02-13 14:08:43"
"cluster_152_huc_020200010102_patch_41.tif",152,"020200010102",41,"invalid","","AJS","2026-02-13 14:08:48"
"cluster_152_huc_020200010102_patch_42.tif",152,"020200010102",42,"invalid","","AJS","2026-02-13 14:08:49"
"cluster_152_huc_020200010102_patch_43.tif",152,"020200010102",43,"invalid","","AJS","2026-02-13 14:08:51"
"cluster_152_huc_020200010102_patch_44.tif",152,"020200010102",44,"invalid","","AJS","2026-02-13 14:08:52"
"cluster_152_huc_020200010102_patch_45.tif",152,"020200010102",45,"invalid","","AJS","2026-02-13 14:08:53"
"cluster_152_huc_020200010102_patch_46.tif",152,"020200010102",46,"invalid","","AJS","2026-02-13 14:08:54"
"cluster_152_huc_020200010102_patch_47.tif",152,"020200010102",47,"invalid","","AJS","2026-02-13 14:08:54"
"cluster_152_huc_020200010102_patch_48.tif",152,"020200010102",48,"invalid","","AJS","2026-02-13 14:09:03"
"cluster_152_huc_020200010102_patch_49.tif",152,"20200010102",49,"uncertain","","AJS","2/10/26 22:21"
"cluster_152_huc_020200010102_patch_5.tif",152,"020200010102",5,"uncertain","","AJS","2026-02-13 14:07:08"
"cluster_152_huc_020200010102_patch_50.tif",152,"020200010102",50,"invalid","","AJS","2026-02-13 14:09:28"
"cluster_152_huc_020200010102_patch_51.tif",152,"020200010102",51,"invalid","","AJS","2026-02-13 14:09:31"
"cluster_152_huc_020200010102_patch_52.tif",152,"020200010102",52,"invalid","","AJS","2026-02-13 14:09:33"
"cluster_152_huc_020200010102_patch_53.tif",152,"020200010102",53,"invalid","","AJS","2026-02-13 14:09:34"
"cluster_152_huc_020200010102_patch_54.tif",152,"020200010102",54,"uncertain","","AJS","2026-02-13 14:09:37"
"cluster_152_huc_020200010102_patch_55.tif",152,"020200010102",55,"invalid","","AJS","2026-02-13 14:09:39"
"cluster_152_huc_020200010102_patch_56.tif",152,"020200010102",56,"invalid","","AJS","2026-02-13 14:09:41"
"cluster_152_huc_020200010102_patch_57.tif",152,"020200010102",57,"invalid","","AJS","2026-02-13 14:09:42"
"cluster_152_huc_020200010102_patch_58.tif",152,"020200010102",58,"invalid","","AJS","2026-02-13 14:09:43"
"cluster_152_huc_020200010102_patch_59.tif",152,"020200010102",59,"invalid","","AJS","2026-02-13 14:09:44"
"cluster_152_huc_020200010102_patch_6.tif",152,"020200010102",6,"invalid","","AJS","2026-02-13 14:07:09"
"cluster_152_huc_020200010102_patch_60.tif",152,"020200010102",60,"invalid","","AJS","2026-02-13 14:09:46"
"cluster_152_huc_020200010102_patch_61.tif",152,"020200010102",61,"invalid","","AJS","2026-02-13 14:09:50"
"cluster_152_huc_020200010102_patch_62.tif",152,"020200010102",62,"invalid","","AJS","2026-02-13 14:09:57"
"cluster_152_huc_020200010102_patch_63.tif",152,"020200010102",63,"invalid","","AJS","2026-02-13 14:09:58"
"cluster_152_huc_020200010102_patch_64.tif",152,"020200010102",64,"invalid","","AJS","2026-02-13 14:09:59"
"cluster_152_huc_020200010102_patch_65.tif",152,"020200010102",65,"invalid","","AJS","2026-02-13 14:10:00"
"cluster_152_huc_020200010102_patch_66.tif",152,"020200010102",66,"invalid","","AJS","2026-02-13 14:10:02"
"cluster_152_huc_020200010102_patch_67.tif",152,"020200010102",67,"invalid","","AJS","2026-02-13 14:10:05"
"cluster_152_huc_020200010102_patch_68.tif",152,"020200010102",68,"invalid","","AJS","2026-02-13 14:10:07"
"cluster_152_huc_020200010102_patch_69.tif",152,"020200010102",69,"uncertain","","AJS","2026-02-13 14:10:18"
"cluster_152_huc_020200010102_patch_7.tif",152,"020200010102",7,"valid","","AJS","2026-02-13 14:07:14"
"cluster_152_huc_020200010102_patch_70.tif",152,"020200010102",70,"uncertain","","AJS","2026-02-13 14:10:24"
"cluster_152_huc_020200010102_patch_71.tif",152,"020200010102",71,"invalid","","AJS","2026-02-13 14:10:26"
"cluster_152_huc_020200010102_patch_72.tif",152,"020200010102",72,"invalid","","AJS","2026-02-13 14:10:29"
"cluster_152_huc_020200010102_patch_73.tif",152,"020200010102",73,"uncertain","","AJS","2026-02-13 14:10:35"
"cluster_152_huc_020200010102_patch_74.tif",152,"020200010102",74,"invalid","","AJS","2026-02-13 14:10:38"
"cluster_152_huc_020200010102_patch_75.tif",152,"020200010102",75,"invalid","","AJS","2026-02-13 14:10:40"
"cluster_152_huc_020200010102_patch_76.tif",152,"020200010102",76,"invalid","","AJS","2026-02-13 14:10:41"
"cluster_152_huc_020200010102_patch_77.tif",152,"020200010102",77,"invalid","","AJS","2026-02-13 14:10:43"
"cluster_152_huc_020200010102_patch_78.tif",152,"020200010102",78,"invalid","","AJS","2026-02-13 14:10:44"
"cluster_152_huc_020200010102_patch_79.tif",152,"020200010102",79,"invalid","","AJS","2026-02-13 14:10:46"
"cluster_152_huc_020200010102_patch_8.tif",152,"020200010102",8,"valid","","AJS","2026-02-13 14:07:18"
"cluster_152_huc_020200010102_patch_80.tif",152,"020200010102",80,"invalid","","AJS","2026-02-13 14:10:47"
"cluster_152_huc_020200010102_patch_81.tif",152,"020200010102",81,"invalid","","AJS","2026-02-13 14:10:48"
"cluster_152_huc_020200010102_patch_82.tif",152,"020200010102",82,"invalid","","AJS","2026-02-13 14:10:49"
"cluster_152_huc_020200010102_patch_83.tif",152,"020200010102",83,"invalid","","AJS","2026-02-13 14:10:51"
"cluster_152_huc_020200010102_patch_84.tif",152,"020200010102",84,"invalid","","AJS","2026-02-13 14:10:52"
"cluster_152_huc_020200010102_patch_85.tif",152,"020200010102",85,"invalid","","AJS","2026-02-13 14:10:52"
"cluster_152_huc_020200010102_patch_86.tif",152,"020200010102",86,"invalid","","AJS","2026-02-13 14:10:53"
"cluster_152_huc_020200010102_patch_87.tif",152,"020200010102",87,"invalid","","AJS","2026-02-13 14:10:54"
"cluster_152_huc_020200010102_patch_88.tif",152,"020200010102",88,"invalid","","AJS","2026-02-13 14:10:55"
"cluster_152_huc_020200010102_patch_89.tif",152,"020200010102",89,"invalid","","AJS","2026-02-13 14:10:56"
"cluster_152_huc_020200010102_patch_9.tif",152,"020200010102",9,"invalid","","AJS","2026-02-13 14:07:21"
"cluster_152_huc_020200010102_patch_90.tif",152,"020200010102",90,"invalid","","AJS","2026-02-13 14:10:57"
"cluster_152_huc_020200010102_patch_91.tif",152,"020200010102",91,"invalid","","AJS","2026-02-13 14:10:58"
"cluster_152_huc_020200010102_patch_92.tif",152,"020200010102",92,"invalid","","AJS","2026-02-13 14:11:00"
"cluster_152_huc_020200010102_patch_93.tif",152,"020200010102",93,"invalid","","AJS","2026-02-13 14:11:01"
"cluster_152_huc_020200010102_patch_94.tif",152,"020200010102",94,"invalid","","AJS","2026-02-13 14:11:02"
"cluster_152_huc_020200010102_patch_95.tif",152,"020200010102",95,"invalid","","AJS","2026-02-13 14:11:03"
"cluster_152_huc_020200010102_patch_96.tif",152,"020200010102",96,"invalid","","AJS","2026-02-13 14:11:04"
"cluster_152_huc_020200010102_patch_97.tif",152,"020200010102",97,"invalid","","AJS","2026-02-13 14:11:05"
"cluster_152_huc_020200010102_patch_98.tif",152,"020200010102",98,"invalid","","AJS","2026-02-13 14:11:05"
"cluster_152_huc_020200010102_patch_99.tif",152,"020200010102",99,"invalid","","AJS","2026-02-13 14:11:06"
"cluster_208_huc_041402011002_patch_1.tif",208,"41402011002",1,"valid","","AJS","2/6/26 13:17"
"cluster_208_huc_041402011002_patch_1.tif",208,"41402011002",1,"valid","","AJS","2/10/26 14:29"
"cluster_208_huc_041402011002_patch_10.tif",208,"41402011002",10,"invalid","","AJS","2/6/26 13:18"
"cluster_208_huc_041402011002_patch_10.tif",208,"41402011002",10,"uncertain","","AJS","2/10/26 14:30"
"cluster_208_huc_041402011002_patch_100.tif",208,"41402011002",100,"valid","","AJS","2/10/26 14:38"
"cluster_208_huc_041402011002_patch_101.tif",208,"41402011002",101,"uncertain","","AJS","2/10/26 14:38"
"cluster_208_huc_041402011002_patch_102.tif",208,"41402011002",102,"valid","","AJS","2/10/26 14:38"
"cluster_208_huc_041402011002_patch_103.tif",208,"41402011002",103,"uncertain","","AJS","2/10/26 14:38"
"cluster_208_huc_041402011002_patch_104.tif",208,"41402011002",104,"uncertain","","AJS","2/10/26 14:39"
"cluster_208_huc_041402011002_patch_105.tif",208,"41402011002",105,"uncertain","","AJS","2/10/26 14:39"
"cluster_208_huc_041402011002_patch_106.tif",208,"41402011002",106,"invalid","","AJS","2/10/26 14:39"
"cluster_208_huc_041402011002_patch_107.tif",208,"41402011002",107,"valid","","AJS","2/10/26 14:39"
"cluster_208_huc_041402011002_patch_108.tif",208,"41402011002",108,"valid","","AJS","2/10/26 14:39"
"cluster_208_huc_041402011002_patch_109.tif",208,"41402011002",109,"valid","","AJS","2/10/26 14:39"
"cluster_208_huc_041402011002_patch_11.tif",208,"41402011002",11,"invalid","","AJS","2/6/26 13:18"
"cluster_208_huc_041402011002_patch_11.tif",208,"41402011002",11,"uncertain","","AJS","2/10/26 14:30"
"cluster_208_huc_041402011002_patch_110.tif",208,"41402011002",110,"uncertain","","AJS","2/10/26 14:39"
"cluster_208_huc_041402011002_patch_111.tif",208,"41402011002",111,"valid","","AJS","2/10/26 14:39"
"cluster_208_huc_041402011002_patch_112.tif",208,"41402011002",112,"valid","","AJS","2/10/26 14:39"
"cluster_208_huc_041402011002_patch_113.tif",208,"41402011002",113,"valid","","AJS","2/10/26 14:39"
"cluster_208_huc_041402011002_patch_114.tif",208,"41402011002",114,"valid","","AJS","2/10/26 14:39"
"cluster_208_huc_041402011002_patch_115.tif",208,"41402011002",115,"valid","","AJS","2/10/26 14:39"
"cluster_208_huc_041402011002_patch_116.tif",208,"41402011002",116,"uncertain","","AJS","2/10/26 14:40"
"cluster_208_huc_041402011002_patch_117.tif",208,"41402011002",117,"valid","","AJS","2/10/26 14:40"
"cluster_208_huc_041402011002_patch_118.tif",208,"41402011002",118,"invalid","","AJS","2/10/26 14:40"
"cluster_208_huc_041402011002_patch_119.tif",208,"41402011002",119,"uncertain","","AJS","2/10/26 14:40"
"cluster_208_huc_041402011002_patch_12.tif",208,"41402011002",12,"valid","","AJS","2/6/26 13:18"
"cluster_208_huc_041402011002_patch_12.tif",208,"41402011002",12,"valid","","AJS","2/10/26 14:30"
"cluster_208_huc_041402011002_patch_120.tif",208,"41402011002",120,"valid","","AJS","2/10/26 14:40"
"cluster_208_huc_041402011002_patch_121.tif",208,"41402011002",121,"valid","","AJS","2/10/26 14:40"
"cluster_208_huc_041402011002_patch_122.tif",208,"41402011002",122,"valid","","AJS","2/10/26 14:40"
"cluster_208_huc_041402011002_patch_123.tif",208,"41402011002",123,"valid","","AJS","2/10/26 14:40"
"cluster_208_huc_041402011002_patch_124.tif",208,"41402011002",124,"valid","","AJS","2/10/26 14:40"
"cluster_208_huc_041402011002_patch_125.tif",208,"41402011002",125,"uncertain","","AJS","2/10/26 14:40"
"cluster_208_huc_041402011002_patch_126.tif",208,"41402011002",126,"valid","","AJS","2/10/26 14:40"
"cluster_208_huc_041402011002_patch_127.tif",208,"41402011002",127,"valid","","AJS","2/10/26 14:40"
"cluster_208_huc_041402011002_patch_128.tif",208,"41402011002",128,"invalid","","AJS","2/10/26 14:40"
"cluster_208_huc_041402011002_patch_129.tif",208,"41402011002",129,"valid","","AJS","2/10/26 14:40"
"cluster_208_huc_041402011002_patch_13.tif",208,"41402011002",13,"valid","","AJS","2/6/26 13:18"
"cluster_208_huc_041402011002_patch_13.tif",208,"41402011002",13,"valid","","AJS","2/10/26 14:30"
"cluster_208_huc_041402011002_patch_130.tif",208,"41402011002",130,"invalid","","AJS","2/10/26 14:40"
"cluster_208_huc_041402011002_patch_131.tif",208,"41402011002",131,"invalid","","AJS","2/10/26 14:41"
"cluster_208_huc_041402011002_patch_132.tif",208,"41402011002",132,"uncertain","","AJS","2/10/26 14:41"
"cluster_208_huc_041402011002_patch_133.tif",208,"41402011002",133,"uncertain","","AJS","2/10/26 14:41"
"cluster_208_huc_041402011002_patch_134.tif",208,"41402011002",134,"uncertain","","AJS","2/10/26 14:41"
"cluster_208_huc_041402011002_patch_135.tif",208,"41402011002",135,"uncertain","","AJS","2/10/26 14:41"
"cluster_208_huc_041402011002_patch_136.tif",208,"41402011002",136,"uncertain","","AJS","2/10/26 14:41"
"cluster_208_huc_041402011002_patch_137.tif",208,"41402011002",137,"invalid","","AJS","2/10/26 14:41"
"cluster_208_huc_041402011002_patch_138.tif",208,"41402011002",138,"valid","","AJS","2/10/26 14:41"
"cluster_208_huc_041402011002_patch_139.tif",208,"41402011002",139,"uncertain","","AJS","2/10/26 14:41"
"cluster_208_huc_041402011002_patch_14.tif",208,"41402011002",14,"valid","","AJS","2/6/26 13:19"
"cluster_208_huc_041402011002_patch_14.tif",208,"41402011002",14,"uncertain","","AJS","2/10/26 14:30"
"cluster_208_huc_041402011002_patch_140.tif",208,"41402011002",140,"uncertain","","AJS","2/10/26 14:41"
"cluster_208_huc_041402011002_patch_141.tif",208,"41402011002",141,"uncertain","","AJS","2/10/26 14:42"
"cluster_208_huc_041402011002_patch_142.tif",208,"41402011002",142,"uncertain","","AJS","2/10/26 14:42"
"cluster_208_huc_041402011002_patch_143.tif",208,"41402011002",143,"valid","","AJS","2/10/26 14:42"
"cluster_208_huc_041402011002_patch_144.tif",208,"41402011002",144,"valid","","AJS","2/10/26 14:42"
"cluster_208_huc_041402011002_patch_145.tif",208,"41402011002",145,"valid","","AJS","2/10/26 14:42"
"cluster_208_huc_041402011002_patch_146.tif",208,"41402011002",146,"valid","","AJS","2/10/26 14:42"
"cluster_208_huc_041402011002_patch_147.tif",208,"41402011002",147,"valid","","AJS","2/10/26 14:42"
"cluster_208_huc_041402011002_patch_148.tif",208,"41402011002",148,"valid","","AJS","2/10/26 14:42"
"cluster_208_huc_041402011002_patch_149.tif",208,"41402011002",149,"uncertain","","AJS","2/10/26 14:42"
"cluster_208_huc_041402011002_patch_15.tif",208,"41402011002",15,"valid","","AJS","2/6/26 13:19"
"cluster_208_huc_041402011002_patch_15.tif",208,"41402011002",15,"uncertain","","AJS","2/10/26 14:30"
"cluster_208_huc_041402011002_patch_150.tif",208,"41402011002",150,"valid","","AJS","2/10/26 14:42"
"cluster_208_huc_041402011002_patch_151.tif",208,"41402011002",151,"invalid","","AJS","2/10/26 14:42"
"cluster_208_huc_041402011002_patch_152.tif",208,"41402011002",152,"uncertain","","AJS","2/10/26 14:42"
"cluster_208_huc_041402011002_patch_153.tif",208,"41402011002",153,"uncertain","","AJS","2/10/26 14:42"
"cluster_208_huc_041402011002_patch_154.tif",208,"41402011002",154,"uncertain","","AJS","2/10/26 14:42"
"cluster_208_huc_041402011002_patch_155.tif",208,"41402011002",155,"uncertain","","AJS","2/10/26 14:42"
"cluster_208_huc_041402011002_patch_156.tif",208,"41402011002",156,"valid","","AJS","2/10/26 14:42"
"cluster_208_huc_041402011002_patch_157.tif",208,"41402011002",157,"valid","","AJS","2/10/26 14:42"
"cluster_208_huc_041402011002_patch_158.tif",208,"41402011002",158,"invalid","","AJS","2/10/26 14:43"
"cluster_208_huc_041402011002_patch_159.tif",208,"41402011002",159,"valid","","AJS","2/10/26 14:43"
"cluster_208_huc_041402011002_patch_16.tif",208,"41402011002",16,"uncertain","","AJS","2/10/26 14:30"
"cluster_208_huc_041402011002_patch_160.tif",208,"41402011002",160,"valid","","AJS","2/10/26 14:43"
"cluster_208_huc_041402011002_patch_161.tif",208,"41402011002",161,"invalid","","AJS","2/10/26 14:43"
"cluster_208_huc_041402011002_patch_162.tif",208,"41402011002",162,"invalid","","AJS","2/10/26 14:43"
"cluster_208_huc_041402011002_patch_163.tif",208,"41402011002",163,"valid","","AJS","2/10/26 14:43"
"cluster_208_huc_041402011002_patch_164.tif",208,"41402011002",164,"uncertain","","AJS","2/10/26 14:43"
"cluster_208_huc_041402011002_patch_165.tif",208,"41402011002",165,"valid","","AJS","2/10/26 14:43"
"cluster_208_huc_041402011002_patch_166.tif",208,"41402011002",166,"invalid","","AJS","2/10/26 14:43"
"cluster_208_huc_041402011002_patch_167.tif",208,"41402011002",167,"valid","","AJS","2/10/26 14:43"
"cluster_208_huc_041402011002_patch_168.tif",208,"41402011002",168,"uncertain","","AJS","2/10/26 14:43"
"cluster_208_huc_041402011002_patch_169.tif",208,"41402011002",169,"uncertain","","AJS","2/10/26 14:43"
"cluster_208_huc_041402011002_patch_17.tif",208,"41402011002",17,"valid","","AJS","2/10/26 14:31"
"cluster_208_huc_041402011002_patch_170.tif",208,"41402011002",170,"valid","","AJS","2/10/26 14:43"
"cluster_208_huc_041402011002_patch_171.tif",208,"41402011002",171,"invalid","","AJS","2/10/26 14:43"
"cluster_208_huc_041402011002_patch_172.tif",208,"41402011002",172,"invalid","","AJS","2/10/26 14:43"
"cluster_208_huc_041402011002_patch_173.tif",208,"41402011002",173,"invalid","","AJS","2/10/26 14:44"
"cluster_208_huc_041402011002_patch_174.tif",208,"41402011002",174,"valid","","AJS","2/10/26 14:44"
"cluster_208_huc_041402011002_patch_175.tif",208,"41402011002",175,"invalid","Emergent/open water","AJS","2/10/26 14:44"
"cluster_208_huc_041402011002_patch_176.tif",208,"41402011002",176,"valid","","AJS","2/10/26 14:44"
"cluster_208_huc_041402011002_patch_177.tif",208,"41402011002",177,"invalid","","AJS","2/10/26 14:44"
"cluster_208_huc_041402011002_patch_178.tif",208,"41402011002",178,"valid","","AJS","2/10/26 14:44"
"cluster_208_huc_041402011002_patch_179.tif",208,"41402011002",179,"uncertain","","AJS","2/10/26 14:44"
"cluster_208_huc_041402011002_patch_18.tif",208,"41402011002",18,"valid","","AJS","2/10/26 14:31"
"cluster_208_huc_041402011002_patch_180.tif",208,"41402011002",180,"invalid","","AJS","2/10/26 14:44"
"cluster_208_huc_041402011002_patch_181.tif",208,"41402011002",181,"uncertain","","AJS","2/10/26 14:44"
"cluster_208_huc_041402011002_patch_182.tif",208,"41402011002",182,"invalid","","AJS","2/10/26 14:44"
"cluster_208_huc_041402011002_patch_183.tif",208,"41402011002",183,"uncertain","","AJS","2/10/26 14:44"
"cluster_208_huc_041402011002_patch_184.tif",208,"41402011002",184,"uncertain","","AJS","2/10/26 14:44"
"cluster_208_huc_041402011002_patch_185.tif",208,"41402011002",185,"invalid","shrub","AJS","2/10/26 14:45"
"cluster_208_huc_041402011002_patch_186.tif",208,"41402011002",186,"valid","","AJS","2/10/26 14:45"
"cluster_208_huc_041402011002_patch_187.tif",208,"41402011002",187,"uncertain","","AJS","2/10/26 14:45"
"cluster_208_huc_041402011002_patch_188.tif",208,"41402011002",188,"uncertain","","AJS","2/10/26 14:45"
"cluster_208_huc_041402011002_patch_189.tif",208,"41402011002",189,"valid","","AJS","2/10/26 14:45"
"cluster_208_huc_041402011002_patch_19.tif",208,"41402011002",19,"valid","","AJS","2/10/26 14:31"
"cluster_208_huc_041402011002_patch_190.tif",208,"41402011002",190,"uncertain","","AJS","2/10/26 14:45"
"cluster_208_huc_041402011002_patch_191.tif",208,"41402011002",191,"uncertain","","AJS","2/10/26 14:45"
"cluster_208_huc_041402011002_patch_192.tif",208,"41402011002",192,"uncertain","","AJS","2/10/26 14:45"
"cluster_208_huc_041402011002_patch_193.tif",208,"41402011002",193,"uncertain","","AJS","2/10/26 14:45"
"cluster_208_huc_041402011002_patch_194.tif",208,"41402011002",194,"invalid","","AJS","2/10/26 14:45"
"cluster_208_huc_041402011002_patch_195.tif",208,"41402011002",195,"valid","","AJS","2/10/26 14:45"
"cluster_208_huc_041402011002_patch_196.tif",208,"41402011002",196,"uncertain","","AJS","2/10/26 14:45"
"cluster_208_huc_041402011002_patch_197.tif",208,"41402011002",197,"invalid","","AJS","2/10/26 14:45"
"cluster_208_huc_041402011002_patch_198.tif",208,"41402011002",198,"valid","","AJS","2/10/26 14:45"
"cluster_208_huc_041402011002_patch_199.tif",208,"41402011002",199,"valid","","AJS","2/10/26 14:45"
"cluster_208_huc_041402011002_patch_2.tif",208,"41402011002",2,"valid","","AJS","2/6/26 13:17"
"cluster_208_huc_041402011002_patch_2.tif",208,"41402011002",2,"valid","","AJS","2/10/26 14:29"
"cluster_208_huc_041402011002_patch_20.tif",208,"41402011002",20,"uncertain","","AJS","2/10/26 14:31"
"cluster_208_huc_041402011002_patch_200.tif",208,"41402011002",200,"uncertain","","AJS","2/10/26 14:45"
"cluster_208_huc_041402011002_patch_201.tif",208,"41402011002",201,"uncertain","","AJS","2/10/26 14:45"
"cluster_208_huc_041402011002_patch_202.tif",208,"41402011002",202,"valid","","AJS","2/10/26 14:46"
"cluster_208_huc_041402011002_patch_203.tif",208,"41402011002",203,"valid","","AJS","2/10/26 14:46"
"cluster_208_huc_041402011002_patch_204.tif",208,"41402011002",204,"invalid","","AJS","2/10/26 14:46"
"cluster_208_huc_041402011002_patch_205.tif",208,"41402011002",205,"invalid","","AJS","2/10/26 14:46"
"cluster_208_huc_041402011002_patch_206.tif",208,"41402011002",206,"uncertain","","AJS","2/10/26 14:46"
"cluster_208_huc_041402011002_patch_207.tif",208,"41402011002",207,"valid","","AJS","2/10/26 14:46"
"cluster_208_huc_041402011002_patch_208.tif",208,"41402011002",208,"valid","","AJS","2/10/26 14:46"
"cluster_208_huc_041402011002_patch_209.tif",208,"41402011002",209,"uncertain","","AJS","2/10/26 14:46"
"cluster_208_huc_041402011002_patch_21.tif",208,"41402011002",21,"valid","","AJS","2/10/26 14:31"
"cluster_208_huc_041402011002_patch_210.tif",208,"41402011002",210,"invalid","","AJS","2/10/26 14:46"
"cluster_208_huc_041402011002_patch_211.tif",208,"41402011002",211,"uncertain","","AJS","2/10/26 14:46"
"cluster_208_huc_041402011002_patch_212.tif",208,"41402011002",212,"valid","","AJS","2/10/26 14:46"
"cluster_208_huc_041402011002_patch_213.tif",208,"41402011002",213,"uncertain","","AJS","2/10/26 14:46"
"cluster_208_huc_041402011002_patch_214.tif",208,"41402011002",214,"invalid","","AJS","2/10/26 14:46"
"cluster_208_huc_041402011002_patch_215.tif",208,"41402011002",215,"uncertain","","AJS","2/10/26 14:46"
"cluster_208_huc_041402011002_patch_216.tif",208,"41402011002",216,"valid","","AJS","2/10/26 14:47"
"cluster_208_huc_041402011002_patch_217.tif",208,"41402011002",217,"valid","","AJS","2/10/26 14:47"
"cluster_208_huc_041402011002_patch_218.tif",208,"41402011002",218,"valid","","AJS","2/10/26 14:47"
"cluster_208_huc_041402011002_patch_219.tif",208,"41402011002",219,"valid","","AJS","2/10/26 14:47"
"cluster_208_huc_041402011002_patch_22.tif",208,"41402011002",22,"invalid","","AJS","2/10/26 14:31"
"cluster_208_huc_041402011002_patch_220.tif",208,"41402011002",220,"uncertain","","AJS","2/10/26 14:47"
"cluster_208_huc_041402011002_patch_221.tif",208,"41402011002",221,"invalid","","AJS","2/10/26 14:47"
"cluster_208_huc_041402011002_patch_222.tif",208,"41402011002",222,"invalid","","AJS","2/10/26 14:47"
"cluster_208_huc_041402011002_patch_223.tif",208,"41402011002",223,"invalid","","AJS","2/10/26 14:47"
"cluster_208_huc_041402011002_patch_224.tif",208,"41402011002",224,"invalid","","AJS","2/10/26 14:47"
"cluster_208_huc_041402011002_patch_225.tif",208,"41402011002",225,"invalid","","AJS","2/10/26 14:47"
"cluster_208_huc_041402011002_patch_226.tif",208,"41402011002",226,"valid","","AJS","2/10/26 14:47"
"cluster_208_huc_041402011002_patch_227.tif",208,"41402011002",227,"valid","","AJS","2/10/26 14:47"
"cluster_208_huc_041402011002_patch_228.tif",208,"41402011002",228,"uncertain","","AJS","2/10/26 14:47"
"cluster_208_huc_041402011002_patch_229.tif",208,"41402011002",229,"uncertain","","AJS","2/10/26 14:48"
"cluster_208_huc_041402011002_patch_23.tif",208,"41402011002",23,"valid","","AJS","2/10/26 14:31"
"cluster_208_huc_041402011002_patch_230.tif",208,"41402011002",230,"uncertain","","AJS","2/10/26 14:48"
"cluster_208_huc_041402011002_patch_231.tif",208,"41402011002",231,"invalid","","AJS","2/10/26 14:48"
"cluster_208_huc_041402011002_patch_232.tif",208,"41402011002",232,"invalid","","AJS","2/10/26 14:48"
"cluster_208_huc_041402011002_patch_233.tif",208,"41402011002",233,"valid","","AJS","2/10/26 14:48"
"cluster_208_huc_041402011002_patch_234.tif",208,"41402011002",234,"invalid","","AJS","2/10/26 14:48"
"cluster_208_huc_041402011002_patch_235.tif",208,"41402011002",235,"valid","","AJS","2/10/26 14:48"
"cluster_208_huc_041402011002_patch_236.tif",208,"41402011002",236,"invalid","","AJS","2/10/26 14:48"
"cluster_208_huc_041402011002_patch_237.tif",208,"41402011002",237,"uncertain","","AJS","2/10/26 14:48"
"cluster_208_huc_041402011002_patch_238.tif",208,"41402011002",238,"invalid","","AJS","2/10/26 14:48"
"cluster_208_huc_041402011002_patch_239.tif",208,"41402011002",239,"valid","","AJS","2/10/26 14:48"
"cluster_208_huc_041402011002_patch_24.tif",208,"41402011002",24,"uncertain","","AJS","2/10/26 14:31"
"cluster_208_huc_041402011002_patch_240.tif",208,"41402011002",240,"valid","","AJS","2/10/26 14:48"
"cluster_208_huc_041402011002_patch_241.tif",208,"41402011002",241,"invalid","","AJS","2/10/26 14:48"
"cluster_208_huc_041402011002_patch_242.tif",208,"41402011002",242,"valid","","AJS","2/10/26 14:48"
"cluster_208_huc_041402011002_patch_243.tif",208,"41402011002",243,"uncertain","","AJS","2/10/26 14:49"
"cluster_208_huc_041402011002_patch_244.tif",208,"41402011002",244,"invalid","","AJS","2/10/26 14:49"
"cluster_208_huc_041402011002_patch_245.tif",208,"41402011002",245,"invalid","","AJS","2/10/26 14:49"
"cluster_208_huc_041402011002_patch_246.tif",208,"41402011002",246,"uncertain","","AJS","2/10/26 14:49"
"cluster_208_huc_041402011002_patch_247.tif",208,"41402011002",247,"valid","","AJS","2/10/26 14:49"
"cluster_208_huc_041402011002_patch_248.tif",208,"41402011002",248,"valid","","AJS","2/10/26 14:49"
"cluster_208_huc_041402011002_patch_249.tif",208,"41402011002",249,"valid","","AJS","2/10/26 14:49"
"cluster_208_huc_041402011002_patch_25.tif",208,"41402011002",25,"uncertain","","AJS","2/10/26 14:31"
"cluster_208_huc_041402011002_patch_250.tif",208,"41402011002",250,"valid","","AJS","2/10/26 14:49"
"cluster_208_huc_041402011002_patch_251.tif",208,"41402011002",251,"valid","","AJS","2/10/26 14:49"
"cluster_208_huc_041402011002_patch_252.tif",208,"41402011002",252,"valid","","AJS","2/10/26 14:49"
"cluster_208_huc_041402011002_patch_253.tif",208,"41402011002",253,"invalid","","AJS","2/10/26 14:49"
"cluster_208_huc_041402011002_patch_254.tif",208,"41402011002",254,"valid","","AJS","2/10/26 14:49"
"cluster_208_huc_041402011002_patch_255.tif",208,"41402011002",255,"valid","","AJS","2/10/26 14:49"
"cluster_208_huc_041402011002_patch_256.tif",208,"41402011002",256,"invalid","","AJS","2/10/26 14:49"
"cluster_208_huc_041402011002_patch_257.tif",208,"41402011002",257,"uncertain","","AJS","2/10/26 14:49"
"cluster_208_huc_041402011002_patch_258.tif",208,"41402011002",258,"invalid","","AJS","2/10/26 14:49"
"cluster_208_huc_041402011002_patch_259.tif",208,"41402011002",259,"uncertain","","AJS","2/10/26 14:49"
"cluster_208_huc_041402011002_patch_26.tif",208,"41402011002",26,"uncertain","","AJS","2/10/26 14:32"
"cluster_208_huc_041402011002_patch_260.tif",208,"41402011002",260,"valid","","AJS","2/10/26 14:50"
"cluster_208_huc_041402011002_patch_261.tif",208,"41402011002",261,"uncertain","","AJS","2/10/26 14:50"
"cluster_208_huc_041402011002_patch_262.tif",208,"41402011002",262,"invalid","","AJS","2/10/26 14:50"
"cluster_208_huc_041402011002_patch_263.tif",208,"41402011002",263,"valid","","AJS","2/10/26 14:50"
"cluster_208_huc_041402011002_patch_264.tif",208,"41402011002",264,"valid","","AJS","2/10/26 14:50"
"cluster_208_huc_041402011002_patch_265.tif",208,"41402011002",265,"invalid","","AJS","2/10/26 14:50"
"cluster_208_huc_041402011002_patch_266.tif",208,"41402011002",266,"invalid","","AJS","2/10/26 14:50"
"cluster_208_huc_041402011002_patch_267.tif",208,"41402011002",267,"invalid","","AJS","2/10/26 14:50"
"cluster_208_huc_041402011002_patch_268.tif",208,"41402011002",268,"invalid","","AJS","2/10/26 14:50"
"cluster_208_huc_041402011002_patch_269.tif",208,"41402011002",269,"invalid","","AJS","2/10/26 14:50"
"cluster_208_huc_041402011002_patch_27.tif",208,"41402011002",27,"uncertain","","AJS","2/10/26 14:32"
"cluster_208_huc_041402011002_patch_270.tif",208,"41402011002",270,"valid","","AJS","2/10/26 14:50"
"cluster_208_huc_041402011002_patch_271.tif",208,"41402011002",271,"uncertain","","AJS","2/10/26 14:50"
"cluster_208_huc_041402011002_patch_272.tif",208,"41402011002",272,"valid","","AJS","2/10/26 14:50"
"cluster_208_huc_041402011002_patch_273.tif",208,"41402011002",273,"valid","","AJS","2/10/26 14:50"
"cluster_208_huc_041402011002_patch_274.tif",208,"41402011002",274,"uncertain","","AJS","2/10/26 14:50"
"cluster_208_huc_041402011002_patch_275.tif",208,"41402011002",275,"invalid","","AJS","2/10/26 14:50"
"cluster_208_huc_041402011002_patch_276.tif",208,"41402011002",276,"invalid","","AJS","2/10/26 14:50"
"cluster_208_huc_041402011002_patch_277.tif",208,"41402011002",277,"valid","","AJS","2/10/26 14:50"
"cluster_208_huc_041402011002_patch_278.tif",208,"41402011002",278,"invalid","","AJS","2/10/26 14:51"
"cluster_208_huc_041402011002_patch_279.tif",208,"41402011002",279,"valid","","AJS","2/10/26 14:51"
"cluster_208_huc_041402011002_patch_28.tif",208,"41402011002",28,"uncertain","","AJS","2/10/26 14:32"
"cluster_208_huc_041402011002_patch_280.tif",208,"41402011002",280,"invalid","","AJS","2/10/26 14:51"
"cluster_208_huc_041402011002_patch_281.tif",208,"41402011002",281,"invalid","","AJS","2/10/26 14:51"
"cluster_208_huc_041402011002_patch_282.tif",208,"41402011002",282,"invalid","","AJS","2/10/26 14:51"
"cluster_208_huc_041402011002_patch_283.tif",208,"41402011002",283,"invalid","","AJS","2/10/26 14:51"
"cluster_208_huc_041402011002_patch_284.tif",208,"41402011002",284,"valid","","AJS","2/10/26 14:51"
"cluster_208_huc_041402011002_patch_285.tif",208,"41402011002",285,"valid","","AJS","2/10/26 14:51"
"cluster_208_huc_041402011002_patch_286.tif",208,"41402011002",286,"valid","","AJS","2/10/26 14:51"
"cluster_208_huc_041402011002_patch_287.tif",208,"41402011002",287,"valid","","AJS","2/10/26 14:51"
"cluster_208_huc_041402011002_patch_288.tif",208,"41402011002",288,"uncertain","","AJS","2/10/26 14:51"
"cluster_208_huc_041402011002_patch_289.tif",208,"41402011002",289,"valid","","AJS","2/10/26 14:51"
"cluster_208_huc_041402011002_patch_29.tif",208,"41402011002",29,"uncertain","","AJS","2/10/26 14:32"
"cluster_208_huc_041402011002_patch_290.tif",208,"41402011002",290,"invalid","","AJS","2/10/26 14:51"
"cluster_208_huc_041402011002_patch_291.tif",208,"41402011002",291,"uncertain","","AJS","2/10/26 14:51"
"cluster_208_huc_041402011002_patch_292.tif",208,"41402011002",292,"invalid","","AJS","2/10/26 14:51"
"cluster_208_huc_041402011002_patch_293.tif",208,"41402011002",293,"valid","","AJS","2/10/26 14:51"
"cluster_208_huc_041402011002_patch_294.tif",208,"41402011002",294,"uncertain","","AJS","2/10/26 14:51"
"cluster_208_huc_041402011002_patch_295.tif",208,"41402011002",295,"valid","","AJS","2/10/26 14:51"
"cluster_208_huc_041402011002_patch_296.tif",208,"41402011002",296,"valid","","AJS","2/10/26 14:51"
"cluster_208_huc_041402011002_patch_297.tif",208,"41402011002",297,"valid","","AJS","2/10/26 14:51"
"cluster_208_huc_041402011002_patch_298.tif",208,"41402011002",298,"valid","","AJS","2/10/26 14:51"
"cluster_208_huc_041402011002_patch_299.tif",208,"41402011002",299,"valid","","AJS","2/10/26 14:51"
"cluster_208_huc_041402011002_patch_3.tif",208,"41402011002",3,"valid","","AJS","2/6/26 13:17"
"cluster_208_huc_041402011002_patch_3.tif",208,"41402011002",3,"valid","","AJS","2/10/26 14:29"
"cluster_208_huc_041402011002_patch_30.tif",208,"41402011002",30,"valid","","AJS","2/10/26 14:32"
"cluster_208_huc_041402011002_patch_300.tif",208,"41402011002",300,"invalid","","AJS","2/10/26 14:51"
"cluster_208_huc_041402011002_patch_301.tif",208,"41402011002",301,"valid","","AJS","2/10/26 14:51"
"cluster_208_huc_041402011002_patch_302.tif",208,"41402011002",302,"uncertain","","AJS","2/10/26 14:51"
"cluster_208_huc_041402011002_patch_303.tif",208,"41402011002",303,"invalid","","AJS","2/10/26 14:52"
"cluster_208_huc_041402011002_patch_304.tif",208,"41402011002",304,"valid","","AJS","2/10/26 14:52"
"cluster_208_huc_041402011002_patch_305.tif",208,"41402011002",305,"valid","","AJS","2/10/26 14:52"
"cluster_208_huc_041402011002_patch_306.tif",208,"41402011002",306,"valid","","AJS","2/10/26 14:52"
"cluster_208_huc_041402011002_patch_307.tif",208,"41402011002",307,"valid","","AJS","2/10/26 14:52"
"cluster_208_huc_041402011002_patch_308.tif",208,"41402011002",308,"valid","","AJS","2/10/26 14:52"
"cluster_208_huc_041402011002_patch_309.tif",208,"41402011002",309,"valid","","AJS","2/10/26 14:52"
"cluster_208_huc_041402011002_patch_31.tif",208,"41402011002",31,"valid","","AJS","2/10/26 14:32"
"cluster_208_huc_041402011002_patch_310.tif",208,"41402011002",310,"invalid","","AJS","2/10/26 14:52"
"cluster_208_huc_041402011002_patch_311.tif",208,"41402011002",311,"valid","","AJS","2/10/26 14:52"
"cluster_208_huc_041402011002_patch_312.tif",208,"41402011002",312,"valid","","AJS","2/10/26 14:52"
"cluster_208_huc_041402011002_patch_313.tif",208,"41402011002",313,"uncertain","","AJS","2/10/26 14:52"
"cluster_208_huc_041402011002_patch_314.tif",208,"41402011002",314,"valid","","AJS","2/10/26 14:52"
"cluster_208_huc_041402011002_patch_315.tif",208,"41402011002",315,"valid","","AJS","2/10/26 14:52"
"cluster_208_huc_041402011002_patch_316.tif",208,"41402011002",316,"valid","","AJS","2/10/26 14:52"
"cluster_208_huc_041402011002_patch_317.tif",208,"41402011002",317,"valid","","AJS","2/10/26 14:52"
"cluster_208_huc_041402011002_patch_318.tif",208,"41402011002",318,"invalid","","AJS","2/10/26 14:52"
"cluster_208_huc_041402011002_patch_319.tif",208,"41402011002",319,"valid","","AJS","2/10/26 14:52"
"cluster_208_huc_041402011002_patch_32.tif",208,"41402011002",32,"valid","","AJS","2/10/26 14:32"
"cluster_208_huc_041402011002_patch_320.tif",208,"41402011002",320,"valid","","AJS","2/10/26 14:52"
"cluster_208_huc_041402011002_patch_321.tif",208,"41402011002",321,"valid","","AJS","2/10/26 14:52"
"cluster_208_huc_041402011002_patch_322.tif",208,"41402011002",322,"valid","","AJS","2/10/26 14:52"
"cluster_208_huc_041402011002_patch_323.tif",208,"41402011002",323,"invalid","","AJS","2/10/26 14:52"
"cluster_208_huc_041402011002_patch_324.tif",208,"41402011002",324,"valid","","AJS","2/10/26 14:53"
"cluster_208_huc_041402011002_patch_325.tif",208,"41402011002",325,"valid","","AJS","2/10/26 14:53"
"cluster_208_huc_041402011002_patch_326.tif",208,"41402011002",326,"uncertain","","AJS","2/10/26 14:53"
"cluster_208_huc_041402011002_patch_327.tif",208,"41402011002",327,"valid","","AJS","2/10/26 14:53"
"cluster_208_huc_041402011002_patch_328.tif",208,"41402011002",328,"uncertain","","AJS","2/10/26 14:53"
"cluster_208_huc_041402011002_patch_329.tif",208,"41402011002",329,"valid","","AJS","2/10/26 14:53"
"cluster_208_huc_041402011002_patch_33.tif",208,"41402011002",33,"valid","","AJS","2/10/26 14:32"
"cluster_208_huc_041402011002_patch_330.tif",208,"41402011002",330,"uncertain","","AJS","2/10/26 14:53"
"cluster_208_huc_041402011002_patch_331.tif",208,"41402011002",331,"uncertain","","AJS","2/10/26 14:53"
"cluster_208_huc_041402011002_patch_332.tif",208,"41402011002",332,"valid","","AJS","2/10/26 14:53"
"cluster_208_huc_041402011002_patch_333.tif",208,"41402011002",333,"valid","","AJS","2/10/26 14:53"
"cluster_208_huc_041402011002_patch_334.tif",208,"41402011002",334,"valid","","AJS","2/10/26 14:53"
"cluster_208_huc_041402011002_patch_335.tif",208,"41402011002",335,"uncertain","","AJS","2/10/26 14:53"
"cluster_208_huc_041402011002_patch_336.tif",208,"41402011002",336,"valid","","AJS","2/10/26 14:53"
"cluster_208_huc_041402011002_patch_337.tif",208,"41402011002",337,"invalid","","AJS","2/10/26 14:53"
"cluster_208_huc_041402011002_patch_338.tif",208,"41402011002",338,"valid","","AJS","2/10/26 14:53"
"cluster_208_huc_041402011002_patch_339.tif",208,"41402011002",339,"uncertain","","AJS","2/10/26 14:53"
"cluster_208_huc_041402011002_patch_34.tif",208,"41402011002",34,"valid","","AJS","2/10/26 14:32"
"cluster_208_huc_041402011002_patch_340.tif",208,"41402011002",340,"invalid","","AJS","2/10/26 14:53"
"cluster_208_huc_041402011002_patch_341.tif",208,"41402011002",341,"uncertain","","AJS","2/10/26 14:53"
"cluster_208_huc_041402011002_patch_342.tif",208,"41402011002",342,"uncertain","","AJS","2/10/26 14:53"
"cluster_208_huc_041402011002_patch_343.tif",208,"41402011002",343,"valid","","AJS","2/10/26 14:53"
"cluster_208_huc_041402011002_patch_344.tif",208,"41402011002",344,"valid","","AJS","2/10/26 14:53"
"cluster_208_huc_041402011002_patch_35.tif",208,"41402011002",35,"uncertain","","AJS","2/10/26 14:32"
"cluster_208_huc_041402011002_patch_36.tif",208,"41402011002",36,"uncertain","","AJS","2/10/26 14:32"
"cluster_208_huc_041402011002_patch_37.tif",208,"41402011002",37,"uncertain","","AJS","2/10/26 14:33"
"cluster_208_huc_041402011002_patch_38.tif",208,"41402011002",38,"valid","","AJS","2/10/26 14:33"
"cluster_208_huc_041402011002_patch_39.tif",208,"41402011002",39,"uncertain","","AJS","2/10/26 14:33"
"cluster_208_huc_041402011002_patch_4.tif",208,"41402011002",4,"invalid","Maybe more forested","AJS","2/6/26 13:17"
"cluster_208_huc_041402011002_patch_4.tif",208,"41402011002",4,"uncertain","","AJS","2/10/26 14:29"
"cluster_208_huc_041402011002_patch_40.tif",208,"41402011002",40,"valid","","AJS","2/10/26 14:33"
"cluster_208_huc_041402011002_patch_41.tif",208,"41402011002",41,"valid","","AJS","2/10/26 14:33"
"cluster_208_huc_041402011002_patch_42.tif",208,"41402011002",42,"valid","","AJS","2/10/26 14:33"
"cluster_208_huc_041402011002_patch_43.tif",208,"41402011002",43,"uncertain","","AJS","2/10/26 14:33"
"cluster_208_huc_041402011002_patch_44.tif",208,"41402011002",44,"uncertain","","AJS","2/10/26 14:33"
"cluster_208_huc_041402011002_patch_45.tif",208,"41402011002",45,"uncertain","","AJS","2/10/26 14:33"
"cluster_208_huc_041402011002_patch_46.tif",208,"41402011002",46,"valid","","AJS","2/10/26 14:33"
"cluster_208_huc_041402011002_patch_47.tif",208,"41402011002",47,"valid","","AJS","2/10/26 14:33"
"cluster_208_huc_041402011002_patch_48.tif",208,"41402011002",48,"valid","","AJS","2/10/26 14:34"
"cluster_208_huc_041402011002_patch_49.tif",208,"41402011002",49,"uncertain","","AJS","2/10/26 14:34"
"cluster_208_huc_041402011002_patch_5.tif",208,"41402011002",5,"valid","","AJS","2/6/26 13:17"
"cluster_208_huc_041402011002_patch_5.tif",208,"41402011002",5,"valid","","AJS","2/10/26 14:29"
"cluster_208_huc_041402011002_patch_50.tif",208,"41402011002",50,"valid","","AJS","2/10/26 14:34"
"cluster_208_huc_041402011002_patch_51.tif",208,"41402011002",51,"uncertain","","AJS","2/10/26 14:34"
"cluster_208_huc_041402011002_patch_52.tif",208,"41402011002",52,"uncertain","","AJS","2/10/26 14:34"
"cluster_208_huc_041402011002_patch_53.tif",208,"41402011002",53,"valid","","AJS","2/10/26 14:34"
"cluster_208_huc_041402011002_patch_54.tif",208,"41402011002",54,"valid","","AJS","2/10/26 14:34"
"cluster_208_huc_041402011002_patch_55.tif",208,"41402011002",55,"valid","","AJS","2/10/26 14:34"
"cluster_208_huc_041402011002_patch_56.tif",208,"41402011002",56,"valid","","AJS","2/10/26 14:34"
"cluster_208_huc_041402011002_patch_57.tif",208,"41402011002",57,"valid","","AJS","2/10/26 14:34"
"cluster_208_huc_041402011002_patch_58.tif",208,"41402011002",58,"invalid","","AJS","2/10/26 14:34"
"cluster_208_huc_041402011002_patch_59.tif",208,"41402011002",59,"uncertain","","AJS","2/10/26 14:35"
"cluster_208_huc_041402011002_patch_6.tif",208,"41402011002",6,"valid","","AJS","2/6/26 13:17"
"cluster_208_huc_041402011002_patch_6.tif",208,"41402011002",6,"valid","","AJS","2/10/26 14:29"
"cluster_208_huc_041402011002_patch_60.tif",208,"41402011002",60,"valid","","AJS","2/10/26 14:35"
"cluster_208_huc_041402011002_patch_61.tif",208,"41402011002",61,"valid","","AJS","2/10/26 14:35"
"cluster_208_huc_041402011002_patch_62.tif",208,"41402011002",62,"invalid","","AJS","2/10/26 14:35"
"cluster_208_huc_041402011002_patch_63.tif",208,"41402011002",63,"uncertain","","AJS","2/10/26 14:35"
"cluster_208_huc_041402011002_patch_64.tif",208,"41402011002",64,"uncertain","","AJS","2/10/26 14:35"
"cluster_208_huc_041402011002_patch_65.tif",208,"41402011002",65,"valid","","AJS","2/10/26 14:35"
"cluster_208_huc_041402011002_patch_66.tif",208,"41402011002",66,"valid","","AJS","2/10/26 14:35"
"cluster_208_huc_041402011002_patch_67.tif",208,"41402011002",67,"valid","","AJS","2/10/26 14:35"
"cluster_208_huc_041402011002_patch_68.tif",208,"41402011002",68,"invalid","","AJS","2/10/26 14:35"
"cluster_208_huc_041402011002_patch_69.tif",208,"41402011002",69,"valid","","AJS","2/10/26 14:35"
"cluster_208_huc_041402011002_patch_7.tif",208,"41402011002",7,"invalid","human impact","AJS","2/6/26 13:18"
"cluster_208_huc_041402011002_patch_7.tif",208,"41402011002",7,"valid","","AJS","2/10/26 14:29"
"cluster_208_huc_041402011002_patch_70.tif",208,"41402011002",70,"valid","","AJS","2/10/26 14:35"
"cluster_208_huc_041402011002_patch_71.tif",208,"41402011002",71,"valid","","AJS","2/10/26 14:35"
"cluster_208_huc_041402011002_patch_72.tif",208,"41402011002",72,"uncertain","","AJS","2/10/26 14:35"
"cluster_208_huc_041402011002_patch_73.tif",208,"41402011002",73,"uncertain","","AJS","2/10/26 14:35"
"cluster_208_huc_041402011002_patch_74.tif",208,"41402011002",74,"uncertain","","AJS","2/10/26 14:36"
"cluster_208_huc_041402011002_patch_75.tif",208,"41402011002",75,"uncertain","","AJS","2/10/26 14:36"
"cluster_208_huc_041402011002_patch_76.tif",208,"41402011002",76,"valid","","AJS","2/10/26 14:36"
"cluster_208_huc_041402011002_patch_77.tif",208,"41402011002",77,"valid","","AJS","2/10/26 14:36"
"cluster_208_huc_041402011002_patch_78.tif",208,"41402011002",78,"uncertain","","AJS","2/10/26 14:36"
"cluster_208_huc_041402011002_patch_79.tif",208,"41402011002",79,"valid","","AJS","2/10/26 14:36"
"cluster_208_huc_041402011002_patch_8.tif",208,"41402011002",8,"invalid","","AJS","2/6/26 13:18"
"cluster_208_huc_041402011002_patch_8.tif",208,"41402011002",8,"invalid","","AJS","2/10/26 14:30"
"cluster_208_huc_041402011002_patch_80.tif",208,"41402011002",80,"valid","","AJS","2/10/26 14:36"
"cluster_208_huc_041402011002_patch_81.tif",208,"41402011002",81,"valid","","AJS","2/10/26 14:36"
"cluster_208_huc_041402011002_patch_82.tif",208,"41402011002",82,"uncertain","","AJS","2/10/26 14:36"
"cluster_208_huc_041402011002_patch_83.tif",208,"41402011002",83,"valid","","AJS","2/10/26 14:36"
"cluster_208_huc_041402011002_patch_84.tif",208,"41402011002",84,"invalid","","AJS","2/10/26 14:36"
"cluster_208_huc_041402011002_patch_85.tif",208,"41402011002",85,"invalid","","AJS","2/10/26 14:36"
"cluster_208_huc_041402011002_patch_86.tif",208,"41402011002",86,"uncertain","","AJS","2/10/26 14:37"
"cluster_208_huc_041402011002_patch_87.tif",208,"41402011002",87,"uncertain","","AJS","2/10/26 14:37"
"cluster_208_huc_041402011002_patch_88.tif",208,"41402011002",88,"valid","","AJS","2/10/26 14:37"
"cluster_208_huc_041402011002_patch_89.tif",208,"41402011002",89,"uncertain","","AJS","2/10/26 14:37"
"cluster_208_huc_041402011002_patch_9.tif",208,"41402011002",9,"invalid","","AJS","2/6/26 13:18"
"cluster_208_huc_041402011002_patch_9.tif",208,"41402011002",9,"invalid","","AJS","2/10/26 14:30"
"cluster_208_huc_041402011002_patch_90.tif",208,"41402011002",90,"valid","","AJS","2/10/26 14:37"
"cluster_208_huc_041402011002_patch_91.tif",208,"41402011002",91,"valid","","AJS","2/10/26 14:37"
"cluster_208_huc_041402011002_patch_92.tif",208,"41402011002",92,"valid","","AJS","2/10/26 14:37"
"cluster_208_huc_041402011002_patch_93.tif",208,"41402011002",93,"valid","","AJS","2/10/26 14:37"
"cluster_208_huc_041402011002_patch_94.tif",208,"41402011002",94,"uncertain","","AJS","2/10/26 14:37"
"cluster_208_huc_041402011002_patch_95.tif",208,"41402011002",95,"valid","","AJS","2/10/26 14:37"
"cluster_208_huc_041402011002_patch_96.tif",208,"41402011002",96,"invalid","","AJS","2/10/26 14:37"
"cluster_208_huc_041402011002_patch_97.tif",208,"41402011002",97,"uncertain","","AJS","2/10/26 14:38"
"cluster_208_huc_041402011002_patch_98.tif",208,"41402011002",98,"uncertain","","AJS","2/10/26 14:38"
"cluster_208_huc_041402011002_patch_99.tif",208,"41402011002",99,"uncertain","","AJS","2/10/26 14:38"
"cluster_208_huc_041402011004_patch_1.tif",208,"41402011004",1,"uncertain","","AJS","2/10/26 14:54"
"cluster_208_huc_041402011004_patch_10.tif",208,"41402011004",10,"uncertain","","AJS","2/10/26 14:54"
"cluster_208_huc_041402011004_patch_100.tif",208,"41402011004",100,"invalid","","AJS","2/10/26 14:59"
"cluster_208_huc_041402011004_patch_101.tif",208,"41402011004",101,"uncertain","","AJS","2/10/26 14:59"
"cluster_208_huc_041402011004_patch_102.tif",208,"41402011004",102,"invalid","","AJS","2/10/26 14:59"
"cluster_208_huc_041402011004_patch_103.tif",208,"41402011004",103,"invalid","","AJS","2/10/26 14:59"
"cluster_208_huc_041402011004_patch_104.tif",208,"41402011004",104,"invalid","","AJS","2/10/26 14:59"
"cluster_208_huc_041402011004_patch_105.tif",208,"41402011004",105,"invalid","","AJS","2/10/26 14:59"
"cluster_208_huc_041402011004_patch_106.tif",208,"41402011004",106,"invalid","","AJS","2/10/26 14:59"
"cluster_208_huc_041402011004_patch_107.tif",208,"41402011004",107,"uncertain","","AJS","2/10/26 14:59"
"cluster_208_huc_041402011004_patch_108.tif",208,"41402011004",108,"invalid","","AJS","2/10/26 14:59"
"cluster_208_huc_041402011004_patch_109.tif",208,"41402011004",109,"invalid","","AJS","2/10/26 14:59"
"cluster_208_huc_041402011004_patch_11.tif",208,"41402011004",11,"invalid","","AJS","2/10/26 14:54"
"cluster_208_huc_041402011004_patch_110.tif",208,"41402011004",110,"invalid","","AJS","2/10/26 15:00"
"cluster_208_huc_041402011004_patch_111.tif",208,"41402011004",111,"uncertain","","AJS","2/10/26 15:00"
"cluster_208_huc_041402011004_patch_112.tif",208,"41402011004",112,"uncertain","","AJS","2/10/26 15:00"
"cluster_208_huc_041402011004_patch_113.tif",208,"41402011004",113,"invalid","","AJS","2/10/26 15:00"
"cluster_208_huc_041402011004_patch_114.tif",208,"41402011004",114,"invalid","","AJS","2/10/26 15:00"
"cluster_208_huc_041402011004_patch_115.tif",208,"41402011004",115,"invalid","","AJS","2/10/26 15:00"
"cluster_208_huc_041402011004_patch_116.tif",208,"41402011004",116,"uncertain","","AJS","2/10/26 15:00"
"cluster_208_huc_041402011004_patch_117.tif",208,"41402011004",117,"invalid","","AJS","2/10/26 15:00"
"cluster_208_huc_041402011004_patch_118.tif",208,"41402011004",118,"invalid","","AJS","2/10/26 15:00"
"cluster_208_huc_041402011004_patch_119.tif",208,"41402011004",119,"invalid","","AJS","2/10/26 15:00"
"cluster_208_huc_041402011004_patch_12.tif",208,"41402011004",12,"invalid","","AJS","2/10/26 14:54"
"cluster_208_huc_041402011004_patch_120.tif",208,"41402011004",120,"invalid","","AJS","2/10/26 15:00"
"cluster_208_huc_041402011004_patch_121.tif",208,"41402011004",121,"valid","","AJS","2/10/26 15:00"
"cluster_208_huc_041402011004_patch_122.tif",208,"41402011004",122,"invalid","","AJS","2/10/26 15:00"
"cluster_208_huc_041402011004_patch_123.tif",208,"41402011004",123,"invalid","","AJS","2/10/26 15:00"
"cluster_208_huc_041402011004_patch_124.tif",208,"41402011004",124,"uncertain","","AJS","2/10/26 15:00"
"cluster_208_huc_041402011004_patch_125.tif",208,"41402011004",125,"invalid","","AJS","2/10/26 15:00"
"cluster_208_huc_041402011004_patch_126.tif",208,"41402011004",126,"invalid","","AJS","2/10/26 15:00"
"cluster_208_huc_041402011004_patch_127.tif",208,"41402011004",127,"valid","","AJS","2/10/26 15:00"
"cluster_208_huc_041402011004_patch_128.tif",208,"41402011004",128,"uncertain","","AJS","2/10/26 15:01"
"cluster_208_huc_041402011004_patch_129.tif",208,"41402011004",129,"uncertain","","AJS","2/10/26 15:01"
"cluster_208_huc_041402011004_patch_13.tif",208,"41402011004",13,"uncertain","","AJS","2/10/26 14:54"
"cluster_208_huc_041402011004_patch_130.tif",208,"41402011004",130,"uncertain","","AJS","2/10/26 15:01"
"cluster_208_huc_041402011004_patch_131.tif",208,"41402011004",131,"valid","","AJS","2/10/26 15:01"
"cluster_208_huc_041402011004_patch_132.tif",208,"41402011004",132,"uncertain","","AJS","2/10/26 15:01"
"cluster_208_huc_041402011004_patch_133.tif",208,"41402011004",133,"uncertain","","AJS","2/10/26 15:01"
"cluster_208_huc_041402011004_patch_134.tif",208,"41402011004",134,"invalid","","AJS","2/10/26 15:01"
"cluster_208_huc_041402011004_patch_135.tif",208,"41402011004",135,"uncertain","","AJS","2/10/26 15:01"
"cluster_208_huc_041402011004_patch_136.tif",208,"41402011004",136,"invalid","","AJS","2/10/26 15:01"
"cluster_208_huc_041402011004_patch_137.tif",208,"41402011004",137,"invalid","","AJS","2/10/26 15:01"
"cluster_208_huc_041402011004_patch_138.tif",208,"41402011004",138,"valid","","AJS","2/10/26 15:01"
"cluster_208_huc_041402011004_patch_139.tif",208,"41402011004",139,"valid","","AJS","2/10/26 15:01"
"cluster_208_huc_041402011004_patch_14.tif",208,"41402011004",14,"invalid","","AJS","2/10/26 14:54"
"cluster_208_huc_041402011004_patch_140.tif",208,"41402011004",140,"valid","","AJS","2/10/26 15:01"
"cluster_208_huc_041402011004_patch_141.tif",208,"41402011004",141,"invalid","","AJS","2/10/26 15:01"
"cluster_208_huc_041402011004_patch_142.tif",208,"41402011004",142,"invalid","","AJS","2/10/26 15:01"
"cluster_208_huc_041402011004_patch_143.tif",208,"41402011004",143,"invalid","","AJS","2/10/26 15:01"
"cluster_208_huc_041402011004_patch_144.tif",208,"41402011004",144,"uncertain","","AJS","2/10/26 15:02"
"cluster_208_huc_041402011004_patch_145.tif",208,"41402011004",145,"uncertain","","AJS","2/10/26 15:02"
"cluster_208_huc_041402011004_patch_146.tif",208,"41402011004",146,"invalid","","AJS","2/10/26 15:02"
"cluster_208_huc_041402011004_patch_147.tif",208,"41402011004",147,"uncertain","","AJS","2/10/26 15:02"
"cluster_208_huc_041402011004_patch_148.tif",208,"41402011004",148,"uncertain","","AJS","2/10/26 15:02"
"cluster_208_huc_041402011004_patch_149.tif",208,"41402011004",149,"uncertain","","AJS","2/10/26 15:02"
"cluster_208_huc_041402011004_patch_15.tif",208,"41402011004",15,"invalid","","AJS","2/10/26 14:54"
"cluster_208_huc_041402011004_patch_150.tif",208,"41402011004",150,"uncertain","","AJS","2/10/26 15:02"
"cluster_208_huc_041402011004_patch_151.tif",208,"41402011004",151,"invalid","","AJS","2/10/26 15:02"
"cluster_208_huc_041402011004_patch_152.tif",208,"41402011004",152,"invalid","","AJS","2/10/26 15:02"
"cluster_208_huc_041402011004_patch_153.tif",208,"41402011004",153,"valid","","AJS","2/10/26 15:02"
"cluster_208_huc_041402011004_patch_154.tif",208,"41402011004",154,"valid","","AJS","2/10/26 15:02"
"cluster_208_huc_041402011004_patch_155.tif",208,"41402011004",155,"invalid","","AJS","2/10/26 15:02"
"cluster_208_huc_041402011004_patch_156.tif",208,"41402011004",156,"uncertain","","AJS","2/10/26 15:02"
"cluster_208_huc_041402011004_patch_157.tif",208,"41402011004",157,"invalid","","AJS","2/10/26 15:02"
"cluster_208_huc_041402011004_patch_158.tif",208,"41402011004",158,"invalid","","AJS","2/10/26 15:02"
"cluster_208_huc_041402011004_patch_159.tif",208,"41402011004",159,"invalid","","AJS","2/10/26 15:02"
"cluster_208_huc_041402011004_patch_16.tif",208,"41402011004",16,"invalid","","AJS","2/10/26 14:54"
"cluster_208_huc_041402011004_patch_160.tif",208,"41402011004",160,"invalid","","AJS","2/10/26 15:02"
"cluster_208_huc_041402011004_patch_161.tif",208,"41402011004",161,"invalid","","AJS","2/10/26 15:02"
"cluster_208_huc_041402011004_patch_162.tif",208,"41402011004",162,"invalid","","AJS","2/10/26 15:03"
"cluster_208_huc_041402011004_patch_163.tif",208,"41402011004",163,"uncertain","","AJS","2/10/26 15:03"
"cluster_208_huc_041402011004_patch_164.tif",208,"41402011004",164,"valid","","AJS","2/10/26 15:03"
"cluster_208_huc_041402011004_patch_165.tif",208,"41402011004",165,"uncertain","","AJS","2/10/26 15:03"
"cluster_208_huc_041402011004_patch_166.tif",208,"41402011004",166,"uncertain","","AJS","2/10/26 15:03"
"cluster_208_huc_041402011004_patch_167.tif",208,"41402011004",167,"uncertain","","AJS","2/10/26 15:03"
"cluster_208_huc_041402011004_patch_168.tif",208,"41402011004",168,"uncertain","","AJS","2/10/26 15:03"
"cluster_208_huc_041402011004_patch_169.tif",208,"41402011004",169,"invalid","","AJS","2/10/26 15:03"
"cluster_208_huc_041402011004_patch_17.tif",208,"41402011004",17,"uncertain","","AJS","2/10/26 14:54"
"cluster_208_huc_041402011004_patch_170.tif",208,"41402011004",170,"invalid","","AJS","2/10/26 15:03"
"cluster_208_huc_041402011004_patch_171.tif",208,"41402011004",171,"invalid","","AJS","2/10/26 15:03"
"cluster_208_huc_041402011004_patch_172.tif",208,"41402011004",172,"valid","","AJS","2/10/26 15:03"
"cluster_208_huc_041402011004_patch_173.tif",208,"41402011004",173,"uncertain","","AJS","2/10/26 15:03"
"cluster_208_huc_041402011004_patch_174.tif",208,"41402011004",174,"uncertain","","AJS","2/10/26 15:03"
"cluster_208_huc_041402011004_patch_175.tif",208,"41402011004",175,"valid","","AJS","2/10/26 15:03"
"cluster_208_huc_041402011004_patch_176.tif",208,"41402011004",176,"valid","","AJS","2/10/26 15:03"
"cluster_208_huc_041402011004_patch_177.tif",208,"41402011004",177,"uncertain","","AJS","2/10/26 15:03"
"cluster_208_huc_041402011004_patch_178.tif",208,"41402011004",178,"valid","","AJS","2/10/26 15:03"
"cluster_208_huc_041402011004_patch_179.tif",208,"41402011004",179,"valid","","AJS","2/10/26 15:04"
"cluster_208_huc_041402011004_patch_18.tif",208,"41402011004",18,"uncertain","","AJS","2/10/26 14:54"
"cluster_208_huc_041402011004_patch_180.tif",208,"41402011004",180,"valid","","AJS","2/10/26 15:04"
"cluster_208_huc_041402011004_patch_181.tif",208,"41402011004",181,"valid","","AJS","2/10/26 15:04"
"cluster_208_huc_041402011004_patch_182.tif",208,"41402011004",182,"valid","","AJS","2/10/26 15:04"
"cluster_208_huc_041402011004_patch_183.tif",208,"41402011004",183,"valid","","AJS","2/10/26 15:04"
"cluster_208_huc_041402011004_patch_184.tif",208,"41402011004",184,"valid","","AJS","2/10/26 15:04"
"cluster_208_huc_041402011004_patch_185.tif",208,"41402011004",185,"uncertain","","AJS","2/10/26 15:04"
"cluster_208_huc_041402011004_patch_186.tif",208,"41402011004",186,"uncertain","","AJS","2/10/26 15:04"
"cluster_208_huc_041402011004_patch_187.tif",208,"41402011004",187,"invalid","","AJS","2/10/26 15:04"
"cluster_208_huc_041402011004_patch_188.tif",208,"41402011004",188,"valid","","AJS","2/10/26 15:04"
"cluster_208_huc_041402011004_patch_189.tif",208,"41402011004",189,"valid","","AJS","2/10/26 15:04"
"cluster_208_huc_041402011004_patch_19.tif",208,"41402011004",19,"uncertain","","AJS","2/10/26 14:55"
"cluster_208_huc_041402011004_patch_190.tif",208,"41402011004",190,"uncertain","","AJS","2/10/26 15:04"
"cluster_208_huc_041402011004_patch_191.tif",208,"41402011004",191,"uncertain","","AJS","2/10/26 15:04"
"cluster_208_huc_041402011004_patch_192.tif",208,"41402011004",192,"valid","","AJS","2/10/26 15:04"
"cluster_208_huc_041402011004_patch_193.tif",208,"41402011004",193,"uncertain","","AJS","2/10/26 15:04"
"cluster_208_huc_041402011004_patch_194.tif",208,"41402011004",194,"uncertain","","AJS","2/10/26 15:04"
"cluster_208_huc_041402011004_patch_195.tif",208,"41402011004",195,"uncertain","","AJS","2/10/26 15:04"
"cluster_208_huc_041402011004_patch_196.tif",208,"41402011004",196,"uncertain","","AJS","2/10/26 15:04"
"cluster_208_huc_041402011004_patch_197.tif",208,"41402011004",197,"uncertain","","AJS","2/10/26 15:04"
"cluster_208_huc_041402011004_patch_198.tif",208,"41402011004",198,"uncertain","","AJS","2/10/26 15:04"
"cluster_208_huc_041402011004_patch_199.tif",208,"41402011004",199,"invalid","","AJS","2/10/26 15:05"
"cluster_208_huc_041402011004_patch_2.tif",208,"41402011004",2,"valid","","AJS","2/10/26 14:54"
"cluster_208_huc_041402011004_patch_20.tif",208,"41402011004",20,"invalid","","AJS","2/10/26 14:55"
"cluster_208_huc_041402011004_patch_200.tif",208,"41402011004",200,"uncertain","","AJS","2/10/26 15:05"
"cluster_208_huc_041402011004_patch_201.tif",208,"41402011004",201,"uncertain","","AJS","2/10/26 15:05"
"cluster_208_huc_041402011004_patch_202.tif",208,"41402011004",202,"invalid","","AJS","2/10/26 15:05"
"cluster_208_huc_041402011004_patch_203.tif",208,"41402011004",203,"invalid","","AJS","2/10/26 15:05"
"cluster_208_huc_041402011004_patch_204.tif",208,"41402011004",204,"invalid","","AJS","2/10/26 15:05"
"cluster_208_huc_041402011004_patch_205.tif",208,"41402011004",205,"invalid","","AJS","2/10/26 15:05"
"cluster_208_huc_041402011004_patch_206.tif",208,"41402011004",206,"invalid","","AJS","2/10/26 15:05"
"cluster_208_huc_041402011004_patch_207.tif",208,"41402011004",207,"invalid","","AJS","2/10/26 15:05"
"cluster_208_huc_041402011004_patch_208.tif",208,"41402011004",208,"invalid","","AJS","2/10/26 15:05"
"cluster_208_huc_041402011004_patch_209.tif",208,"41402011004",209,"uncertain","","AJS","2/10/26 15:05"
"cluster_208_huc_041402011004_patch_21.tif",208,"41402011004",21,"uncertain","","AJS","2/10/26 14:55"
"cluster_208_huc_041402011004_patch_210.tif",208,"41402011004",210,"invalid","","AJS","2/10/26 15:05"
"cluster_208_huc_041402011004_patch_211.tif",208,"41402011004",211,"invalid","","AJS","2/10/26 15:05"
"cluster_208_huc_041402011004_patch_212.tif",208,"41402011004",212,"invalid","","AJS","2/10/26 15:05"
"cluster_208_huc_041402011004_patch_213.tif",208,"41402011004",213,"invalid","","AJS","2/10/26 15:05"
"cluster_208_huc_041402011004_patch_214.tif",208,"41402011004",214,"uncertain","","AJS","2/10/26 15:05"
"cluster_208_huc_041402011004_patch_215.tif",208,"41402011004",215,"invalid","","AJS","2/10/26 15:05"
"cluster_208_huc_041402011004_patch_216.tif",208,"41402011004",216,"invalid","","AJS","2/10/26 15:05"
"cluster_208_huc_041402011004_patch_217.tif",208,"41402011004",217,"invalid","","AJS","2/10/26 15:05"
"cluster_208_huc_041402011004_patch_218.tif",208,"41402011004",218,"uncertain","","AJS","2/10/26 15:05"
"cluster_208_huc_041402011004_patch_219.tif",208,"41402011004",219,"valid","","AJS","2/10/26 15:05"
"cluster_208_huc_041402011004_patch_22.tif",208,"41402011004",22,"uncertain","","AJS","2/10/26 14:55"
"cluster_208_huc_041402011004_patch_220.tif",208,"41402011004",220,"valid","","AJS","2/10/26 15:05"
"cluster_208_huc_041402011004_patch_221.tif",208,"41402011004",221,"uncertain","","AJS","2/10/26 15:05"
"cluster_208_huc_041402011004_patch_222.tif",208,"41402011004",222,"valid","","AJS","2/10/26 15:05"
"cluster_208_huc_041402011004_patch_223.tif",208,"41402011004",223,"uncertain","","AJS","2/10/26 15:06"
"cluster_208_huc_041402011004_patch_224.tif",208,"41402011004",224,"uncertain","","AJS","2/10/26 15:06"
"cluster_208_huc_041402011004_patch_225.tif",208,"41402011004",225,"uncertain","","AJS","2/10/26 15:06"
"cluster_208_huc_041402011004_patch_226.tif",208,"41402011004",226,"uncertain","","AJS","2/10/26 15:06"
"cluster_208_huc_041402011004_patch_227.tif",208,"41402011004",227,"uncertain","","AJS","2/10/26 15:06"
"cluster_208_huc_041402011004_patch_228.tif",208,"41402011004",228,"valid","","AJS","2/10/26 15:06"
"cluster_208_huc_041402011004_patch_229.tif",208,"41402011004",229,"uncertain","","AJS","2/10/26 15:06"
"cluster_208_huc_041402011004_patch_23.tif",208,"41402011004",23,"invalid","","AJS","2/10/26 14:55"
"cluster_208_huc_041402011004_patch_230.tif",208,"41402011004",230,"uncertain","","AJS","2/10/26 15:06"
"cluster_208_huc_041402011004_patch_231.tif",208,"41402011004",231,"uncertain","","AJS","2/10/26 15:06"
"cluster_208_huc_041402011004_patch_232.tif",208,"41402011004",232,"invalid","","AJS","2/10/26 15:06"
"cluster_208_huc_041402011004_patch_233.tif",208,"41402011004",233,"invalid","","AJS","2/10/26 15:07"
"cluster_208_huc_041402011004_patch_234.tif",208,"41402011004",234,"invalid","","AJS","2/10/26 15:07"
"cluster_208_huc_041402011004_patch_235.tif",208,"41402011004",235,"invalid","","AJS","2/10/26 15:07"
"cluster_208_huc_041402011004_patch_236.tif",208,"41402011004",236,"invalid","","AJS","2/10/26 15:07"
"cluster_208_huc_041402011004_patch_237.tif",208,"41402011004",237,"valid","","AJS","2/10/26 15:07"
"cluster_208_huc_041402011004_patch_238.tif",208,"41402011004",238,"valid","","AJS","2/10/26 15:07"
"cluster_208_huc_041402011004_patch_239.tif",208,"41402011004",239,"invalid","","AJS","2/10/26 15:07"
"cluster_208_huc_041402011004_patch_24.tif",208,"41402011004",24,"valid","","AJS","2/10/26 14:55"
"cluster_208_huc_041402011004_patch_240.tif",208,"41402011004",240,"uncertain","","AJS","2/10/26 15:07"
"cluster_208_huc_041402011004_patch_241.tif",208,"41402011004",241,"uncertain","","AJS","2/10/26 15:07"
"cluster_208_huc_041402011004_patch_242.tif",208,"41402011004",242,"invalid","","AJS","2/10/26 15:07"
"cluster_208_huc_041402011004_patch_243.tif",208,"41402011004",243,"invalid","","AJS","2/10/26 15:07"
"cluster_208_huc_041402011004_patch_244.tif",208,"41402011004",244,"valid","","AJS","2/10/26 15:07"
"cluster_208_huc_041402011004_patch_245.tif",208,"41402011004",245,"valid","","AJS","2/10/26 15:07"
"cluster_208_huc_041402011004_patch_246.tif",208,"41402011004",246,"invalid","","AJS","2/10/26 15:07"
"cluster_208_huc_041402011004_patch_247.tif",208,"41402011004",247,"invalid","","AJS","2/10/26 15:07"
"cluster_208_huc_041402011004_patch_248.tif",208,"41402011004",248,"valid","","AJS","2/10/26 15:07"
"cluster_208_huc_041402011004_patch_249.tif",208,"41402011004",249,"valid","","AJS","2/10/26 15:07"
"cluster_208_huc_041402011004_patch_25.tif",208,"41402011004",25,"valid","","AJS","2/10/26 14:55"
"cluster_208_huc_041402011004_patch_250.tif",208,"41402011004",250,"valid","","AJS","2/10/26 15:07"
"cluster_208_huc_041402011004_patch_251.tif",208,"41402011004",251,"invalid","","AJS","2/10/26 15:07"
"cluster_208_huc_041402011004_patch_252.tif",208,"41402011004",252,"invalid","","AJS","2/10/26 15:07"
"cluster_208_huc_041402011004_patch_253.tif",208,"41402011004",253,"invalid","","AJS","2/10/26 15:07"
"cluster_208_huc_041402011004_patch_254.tif",208,"41402011004",254,"uncertain","","AJS","2/10/26 15:07"
"cluster_208_huc_041402011004_patch_255.tif",208,"41402011004",255,"invalid","","AJS","2/10/26 15:07"
"cluster_208_huc_041402011004_patch_256.tif",208,"41402011004",256,"uncertain","","AJS","2/10/26 15:07"
"cluster_208_huc_041402011004_patch_257.tif",208,"41402011004",257,"invalid","","AJS","2/10/26 15:08"
"cluster_208_huc_041402011004_patch_258.tif",208,"41402011004",258,"valid","","AJS","2/10/26 15:08"
"cluster_208_huc_041402011004_patch_259.tif",208,"41402011004",259,"invalid","","AJS","2/10/26 15:08"
"cluster_208_huc_041402011004_patch_26.tif",208,"41402011004",26,"uncertain","","AJS","2/10/26 14:55"
"cluster_208_huc_041402011004_patch_260.tif",208,"41402011004",260,"invalid","","AJS","2/10/26 15:08"
"cluster_208_huc_041402011004_patch_261.tif",208,"41402011004",261,"invalid","","AJS","2/10/26 15:08"
"cluster_208_huc_041402011004_patch_262.tif",208,"41402011004",262,"invalid","","AJS","2/10/26 15:08"
"cluster_208_huc_041402011004_patch_263.tif",208,"41402011004",263,"invalid","","AJS","2/10/26 15:08"
"cluster_208_huc_041402011004_patch_264.tif",208,"41402011004",264,"invalid","","AJS","2/10/26 15:08"
"cluster_208_huc_041402011004_patch_265.tif",208,"41402011004",265,"uncertain","","AJS","2/10/26 15:08"
"cluster_208_huc_041402011004_patch_266.tif",208,"41402011004",266,"uncertain","","AJS","2/10/26 15:08"
"cluster_208_huc_041402011004_patch_267.tif",208,"41402011004",267,"uncertain","","AJS","2/10/26 15:08"
"cluster_208_huc_041402011004_patch_268.tif",208,"41402011004",268,"invalid","","AJS","2/10/26 15:08"
"cluster_208_huc_041402011004_patch_269.tif",208,"41402011004",269,"uncertain","","AJS","2/10/26 15:08"
"cluster_208_huc_041402011004_patch_27.tif",208,"41402011004",27,"invalid","","AJS","2/10/26 14:55"
"cluster_208_huc_041402011004_patch_270.tif",208,"41402011004",270,"uncertain","","AJS","2/10/26 15:08"
"cluster_208_huc_041402011004_patch_271.tif",208,"41402011004",271,"uncertain","","AJS","2/10/26 15:08"
"cluster_208_huc_041402011004_patch_272.tif",208,"41402011004",272,"uncertain","","AJS","2/10/26 15:08"
"cluster_208_huc_041402011004_patch_273.tif",208,"41402011004",273,"uncertain","","AJS","2/10/26 15:08"
"cluster_208_huc_041402011004_patch_274.tif",208,"41402011004",274,"uncertain","","AJS","2/10/26 15:08"
"cluster_208_huc_041402011004_patch_275.tif",208,"41402011004",275,"uncertain","","AJS","2/10/26 15:08"
"cluster_208_huc_041402011004_patch_276.tif",208,"41402011004",276,"valid","","AJS","2/10/26 15:08"
"cluster_208_huc_041402011004_patch_277.tif",208,"41402011004",277,"uncertain","","AJS","2/10/26 15:08"
"cluster_208_huc_041402011004_patch_278.tif",208,"41402011004",278,"uncertain","","AJS","2/10/26 15:08"
"cluster_208_huc_041402011004_patch_279.tif",208,"41402011004",279,"invalid","","AJS","2/10/26 15:08"
"cluster_208_huc_041402011004_patch_28.tif",208,"41402011004",28,"invalid","","AJS","2/10/26 14:55"
"cluster_208_huc_041402011004_patch_280.tif",208,"41402011004",280,"uncertain","","AJS","2/10/26 15:09"
"cluster_208_huc_041402011004_patch_281.tif",208,"41402011004",281,"uncertain","","AJS","2/10/26 15:09"
"cluster_208_huc_041402011004_patch_282.tif",208,"41402011004",282,"uncertain","","AJS","2/10/26 15:09"
"cluster_208_huc_041402011004_patch_283.tif",208,"41402011004",283,"uncertain","","AJS","2/10/26 15:09"
"cluster_208_huc_041402011004_patch_284.tif",208,"41402011004",284,"invalid","","AJS","2/10/26 15:09"
"cluster_208_huc_041402011004_patch_285.tif",208,"41402011004",285,"uncertain","","AJS","2/10/26 15:09"
"cluster_208_huc_041402011004_patch_286.tif",208,"41402011004",286,"invalid","","AJS","2/10/26 15:09"
"cluster_208_huc_041402011004_patch_287.tif",208,"41402011004",287,"invalid","","AJS","2/10/26 15:09"
"cluster_208_huc_041402011004_patch_288.tif",208,"41402011004",288,"uncertain","","AJS","2/10/26 15:09"
"cluster_208_huc_041402011004_patch_289.tif",208,"41402011004",289,"valid","","AJS","2/10/26 15:09"
"cluster_208_huc_041402011004_patch_29.tif",208,"41402011004",29,"valid","","AJS","2/10/26 14:55"
"cluster_208_huc_041402011004_patch_290.tif",208,"41402011004",290,"uncertain","","AJS","2/10/26 15:09"
"cluster_208_huc_041402011004_patch_291.tif",208,"41402011004",291,"uncertain","","AJS","2/10/26 15:09"
"cluster_208_huc_041402011004_patch_292.tif",208,"41402011004",292,"invalid","","AJS","2/10/26 15:09"
"cluster_208_huc_041402011004_patch_293.tif",208,"41402011004",293,"invalid","","AJS","2/10/26 15:09"
"cluster_208_huc_041402011004_patch_294.tif",208,"41402011004",294,"invalid","","AJS","2/10/26 15:09"
"cluster_208_huc_041402011004_patch_295.tif",208,"41402011004",295,"valid","","AJS","2/10/26 15:09"
"cluster_208_huc_041402011004_patch_296.tif",208,"41402011004",296,"invalid","","AJS","2/10/26 15:09"
"cluster_208_huc_041402011004_patch_297.tif",208,"41402011004",297,"invalid","","AJS","2/10/26 15:09"
"cluster_208_huc_041402011004_patch_298.tif",208,"41402011004",298,"uncertain","","AJS","2/10/26 15:09"
"cluster_208_huc_041402011004_patch_299.tif",208,"41402011004",299,"uncertain","","AJS","2/10/26 15:09"
"cluster_208_huc_041402011004_patch_3.tif",208,"41402011004",3,"uncertain","","AJS","2/10/26 14:54"
"cluster_208_huc_041402011004_patch_30.tif",208,"41402011004",30,"valid","","AJS","2/10/26 14:55"
"cluster_208_huc_041402011004_patch_300.tif",208,"41402011004",300,"uncertain","","AJS","2/10/26 15:09"
"cluster_208_huc_041402011004_patch_301.tif",208,"41402011004",301,"valid","","AJS","2/10/26 15:09"
"cluster_208_huc_041402011004_patch_302.tif",208,"41402011004",302,"valid","","AJS","2/10/26 15:10"
"cluster_208_huc_041402011004_patch_303.tif",208,"41402011004",303,"uncertain","","AJS","2/10/26 15:10"
"cluster_208_huc_041402011004_patch_304.tif",208,"41402011004",304,"uncertain","","AJS","2/10/26 15:10"
"cluster_208_huc_041402011004_patch_305.tif",208,"41402011004",305,"uncertain","","AJS","2/10/26 15:10"
"cluster_208_huc_041402011004_patch_306.tif",208,"41402011004",306,"uncertain","","AJS","2/10/26 15:10"
"cluster_208_huc_041402011004_patch_307.tif",208,"41402011004",307,"invalid","","AJS","2/10/26 15:10"
"cluster_208_huc_041402011004_patch_308.tif",208,"41402011004",308,"invalid","","AJS","2/10/26 15:10"
"cluster_208_huc_041402011004_patch_309.tif",208,"41402011004",309,"invalid","","AJS","2/10/26 15:10"
"cluster_208_huc_041402011004_patch_31.tif",208,"41402011004",31,"valid","","AJS","2/10/26 14:55"
"cluster_208_huc_041402011004_patch_310.tif",208,"41402011004",310,"uncertain","","AJS","2/10/26 15:10"
"cluster_208_huc_041402011004_patch_311.tif",208,"41402011004",311,"uncertain","","AJS","2/10/26 15:10"
"cluster_208_huc_041402011004_patch_312.tif",208,"41402011004",312,"valid","","AJS","2/10/26 15:10"
"cluster_208_huc_041402011004_patch_313.tif",208,"41402011004",313,"invalid","","AJS","2/10/26 15:10"
"cluster_208_huc_041402011004_patch_314.tif",208,"41402011004",314,"uncertain","","AJS","2/10/26 15:10"
"cluster_208_huc_041402011004_patch_32.tif",208,"41402011004",32,"uncertain","","AJS","2/10/26 14:55"
"cluster_208_huc_041402011004_patch_33.tif",208,"41402011004",33,"uncertain","","AJS","2/10/26 14:55"
"cluster_208_huc_041402011004_patch_34.tif",208,"41402011004",34,"valid","","AJS","2/10/26 14:55"
"cluster_208_huc_041402011004_patch_35.tif",208,"41402011004",35,"valid","","AJS","2/10/26 14:55"
"cluster_208_huc_041402011004_patch_36.tif",208,"41402011004",36,"valid","","AJS","2/10/26 14:56"
"cluster_208_huc_041402011004_patch_37.tif",208,"41402011004",37,"valid","","AJS","2/10/26 14:56"
"cluster_208_huc_041402011004_patch_38.tif",208,"41402011004",38,"uncertain","","AJS","2/10/26 14:56"
"cluster_208_huc_041402011004_patch_39.tif",208,"41402011004",39,"uncertain","","AJS","2/10/26 14:56"
"cluster_208_huc_041402011004_patch_4.tif",208,"41402011004",4,"uncertain","","AJS","2/10/26 14:54"
"cluster_208_huc_041402011004_patch_40.tif",208,"41402011004",40,"uncertain","","AJS","2/10/26 14:56"
"cluster_208_huc_041402011004_patch_41.tif",208,"41402011004",41,"uncertain","","AJS","2/10/26 14:56"
"cluster_208_huc_041402011004_patch_42.tif",208,"41402011004",42,"uncertain","","AJS","2/10/26 14:56"
"cluster_208_huc_041402011004_patch_43.tif",208,"41402011004",43,"uncertain","","AJS","2/10/26 14:56"
"cluster_208_huc_041402011004_patch_44.tif",208,"41402011004",44,"uncertain","","AJS","2/10/26 14:56"
"cluster_208_huc_041402011004_patch_45.tif",208,"41402011004",45,"uncertain","","AJS","2/10/26 14:56"
"cluster_208_huc_041402011004_patch_46.tif",208,"41402011004",46,"invalid","","AJS","2/10/26 14:56"
"cluster_208_huc_041402011004_patch_47.tif",208,"41402011004",47,"valid","","AJS","2/10/26 14:56"
"cluster_208_huc_041402011004_patch_48.tif",208,"41402011004",48,"valid","","AJS","2/10/26 14:56"
"cluster_208_huc_041402011004_patch_49.tif",208,"41402011004",49,"invalid","","AJS","2/10/26 14:56"
"cluster_208_huc_041402011004_patch_5.tif",208,"41402011004",5,"uncertain","","AJS","2/10/26 14:54"
"cluster_208_huc_041402011004_patch_50.tif",208,"41402011004",50,"valid","","AJS","2/10/26 14:56"
"cluster_208_huc_041402011004_patch_51.tif",208,"41402011004",51,"valid","","AJS","2/10/26 14:56"
"cluster_208_huc_041402011004_patch_52.tif",208,"41402011004",52,"valid","","AJS","2/10/26 14:56"
"cluster_208_huc_041402011004_patch_53.tif",208,"41402011004",53,"uncertain","","AJS","2/10/26 14:56"
"cluster_208_huc_041402011004_patch_54.tif",208,"41402011004",54,"uncertain","","AJS","2/10/26 14:56"
"cluster_208_huc_041402011004_patch_55.tif",208,"41402011004",55,"uncertain","","AJS","2/10/26 14:57"
"cluster_208_huc_041402011004_patch_56.tif",208,"41402011004",56,"uncertain","","AJS","2/10/26 14:57"
"cluster_208_huc_041402011004_patch_57.tif",208,"41402011004",57,"uncertain","","AJS","2/10/26 14:57"
"cluster_208_huc_041402011004_patch_58.tif",208,"41402011004",58,"invalid","","AJS","2/10/26 14:57"
"cluster_208_huc_041402011004_patch_59.tif",208,"41402011004",59,"valid","","AJS","2/10/26 14:57"
"cluster_208_huc_041402011004_patch_6.tif",208,"41402011004",6,"invalid","","AJS","2/10/26 14:54"
"cluster_208_huc_041402011004_patch_60.tif",208,"41402011004",60,"valid","","AJS","2/10/26 14:57"
"cluster_208_huc_041402011004_patch_61.tif",208,"41402011004",61,"uncertain","","AJS","2/10/26 14:57"
"cluster_208_huc_041402011004_patch_62.tif",208,"41402011004",62,"invalid","","AJS","2/10/26 14:57"
"cluster_208_huc_041402011004_patch_63.tif",208,"41402011004",63,"uncertain","","AJS","2/10/26 14:57"
"cluster_208_huc_041402011004_patch_64.tif",208,"41402011004",64,"invalid","","AJS","2/10/26 14:57"
"cluster_208_huc_041402011004_patch_65.tif",208,"41402011004",65,"uncertain","","AJS","2/10/26 14:57"
"cluster_208_huc_041402011004_patch_66.tif",208,"41402011004",66,"uncertain","","AJS","2/10/26 14:57"
"cluster_208_huc_041402011004_patch_67.tif",208,"41402011004",67,"uncertain","","AJS","2/10/26 14:57"
"cluster_208_huc_041402011004_patch_68.tif",208,"41402011004",68,"valid","","AJS","2/10/26 14:57"
"cluster_208_huc_041402011004_patch_69.tif",208,"41402011004",69,"uncertain","","AJS","2/10/26 14:57"
"cluster_208_huc_041402011004_patch_7.tif",208,"41402011004",7,"invalid","","AJS","2/10/26 14:54"
"cluster_208_huc_041402011004_patch_70.tif",208,"41402011004",70,"invalid","","AJS","2/10/26 14:57"
"cluster_208_huc_041402011004_patch_71.tif",208,"41402011004",71,"uncertain","","AJS","2/10/26 14:57"
"cluster_208_huc_041402011004_patch_72.tif",208,"41402011004",72,"uncertain","","AJS","2/10/26 14:58"
"cluster_208_huc_041402011004_patch_73.tif",208,"41402011004",73,"uncertain","","AJS","2/10/26 14:58"
"cluster_208_huc_041402011004_patch_74.tif",208,"41402011004",74,"invalid","","AJS","2/10/26 14:58"
"cluster_208_huc_041402011004_patch_75.tif",208,"41402011004",75,"uncertain","","AJS","2/10/26 14:58"
"cluster_208_huc_041402011004_patch_76.tif",208,"41402011004",76,"valid","","AJS","2/10/26 14:58"
"cluster_208_huc_041402011004_patch_77.tif",208,"41402011004",77,"valid","","AJS","2/10/26 14:58"
"cluster_208_huc_041402011004_patch_78.tif",208,"41402011004",78,"valid","","AJS","2/10/26 14:58"
"cluster_208_huc_041402011004_patch_79.tif",208,"41402011004",79,"valid","","AJS","2/10/26 14:58"
"cluster_208_huc_041402011004_patch_8.tif",208,"41402011004",8,"invalid","","AJS","2/10/26 14:54"
"cluster_208_huc_041402011004_patch_80.tif",208,"41402011004",80,"valid","","AJS","2/10/26 14:58"
"cluster_208_huc_041402011004_patch_81.tif",208,"41402011004",81,"uncertain","","AJS","2/10/26 14:58"
"cluster_208_huc_041402011004_patch_82.tif",208,"41402011004",82,"uncertain","","AJS","2/10/26 14:58"
"cluster_208_huc_041402011004_patch_83.tif",208,"41402011004",83,"valid","","AJS","2/10/26 14:58"
"cluster_208_huc_041402011004_patch_84.tif",208,"41402011004",84,"valid","","AJS","2/10/26 14:58"
"cluster_208_huc_041402011004_patch_85.tif",208,"41402011004",85,"valid","","AJS","2/10/26 14:58"
"cluster_208_huc_041402011004_patch_86.tif",208,"41402011004",86,"valid","","AJS","2/10/26 14:58"
"cluster_208_huc_041402011004_patch_87.tif",208,"41402011004",87,"valid","","AJS","2/10/26 14:58"
"cluster_208_huc_041402011004_patch_88.tif",208,"41402011004",88,"valid","","AJS","2/10/26 14:58"
"cluster_208_huc_041402011004_patch_89.tif",208,"41402011004",89,"valid","","AJS","2/10/26 14:58"
"cluster_208_huc_041402011004_patch_9.tif",208,"41402011004",9,"invalid","","AJS","2/10/26 14:54"
"cluster_208_huc_041402011004_patch_90.tif",208,"41402011004",90,"valid","","AJS","2/10/26 14:58"
"cluster_208_huc_041402011004_patch_91.tif",208,"41402011004",91,"valid","","AJS","2/10/26 14:58"
"cluster_208_huc_041402011004_patch_92.tif",208,"41402011004",92,"valid","","AJS","2/10/26 14:58"
"cluster_208_huc_041402011004_patch_93.tif",208,"41402011004",93,"invalid","","AJS","2/10/26 14:59"
"cluster_208_huc_041402011004_patch_94.tif",208,"41402011004",94,"invalid","","AJS","2/10/26 14:59"
"cluster_208_huc_041402011004_patch_95.tif",208,"41402011004",95,"uncertain","","AJS","2/10/26 14:59"
"cluster_208_huc_041402011004_patch_96.tif",208,"41402011004",96,"uncertain","","AJS","2/10/26 14:59"
"cluster_208_huc_041402011004_patch_97.tif",208,"41402011004",97,"invalid","","AJS","2/10/26 14:59"
"cluster_208_huc_041402011004_patch_98.tif",208,"41402011004",98,"invalid","","AJS","2/10/26 14:59"
"cluster_208_huc_041402011004_patch_99.tif",208,"41402011004",99,"invalid","","AJS","2/10/26 14:59"
"cluster_64_huc_041300030201_patch_1.tif",64,"41300030201",1,"invalid","","AJS","2026-02-12 16:11:54"
"cluster_64_huc_041300030201_patch_2.tif",64,"41300030201",2,"invalid","","AJS","2/12/26 15:09"
"cluster_64_huc_041300030201_patch_3.tif",64,"41300030201",3,"uncertain","","AJS","2/12/26 15:09"
"cluster_64_huc_041300030201_patch_4.tif",64,"41300030201",4,"uncertain","","AJS","2/12/26 15:07"
"cluster_64_huc_041300030201_patch_5.tif",64,"41300030201",5,"uncertain","","AJS","2/12/26 15:08"
"cluster_64_huc_041300030201_patch_6.tif",64,"41300030201",6,"uncertain","","AJS","2/12/26 15:08"
"cluster_64_huc_041300030201_patch_7.tif",64,"41300030201",7,"uncertain","","AJS","2/12/26 15:08"
"cluster_64_huc_041300030201_patch_8.tif",64,"41300030201",8,"uncertain","","AJS","2/12/26 15:08"
"cluster_64_huc_041300030201_patch_9.tif",64,"41300030201",9,"valid","","AJS","2/12/26 15:08"
"cluster_64_huc_041300030201_patch_10.tif",64,"41300030201",10,"valid","","AJS","2/12/26 15:08"
"cluster_64_huc_041300030201_patch_11.tif",64,"41300030201",11,"invalid","","AJS","2/12/26 15:08"
"cluster_64_huc_041300030201_patch_12.tif",64,"41300030201",12,"invalid","","AJS","2/12/26 15:08"
"cluster_64_huc_041300030201_patch_13.tif",64,"41300030201",13,"uncertain","","AJS","2/12/26 15:09"
"cluster_64_huc_041300030201_patch_14.tif",64,"41300030201",14,"invalid","","AJS","2/12/26 15:09"
"cluster_64_huc_041300030201_patch_15.tif",64,"41300030201",15,"invalid","","AJS","2/12/26 15:09"
"cluster_64_huc_041300030201_patch_16.tif",64,"41300030201",16,"uncertain","","AJS","2/12/26 15:09"
"cluster_64_huc_041300030201_patch_17.tif",64,"41300030201",17,"invalid","","AJS","2/12/26 15:09"
"cluster_64_huc_041300030201_patch_18.tif",64,"41300030201",18,"uncertain","","AJS","2/12/26 15:09"
"cluster_64_huc_041300030201_patch_19.tif",64,"41300030201",19,"uncertain","","AJS","2/12/26 15:09"
"cluster_64_huc_041300030201_patch_20.tif",64,"41300030201",20,"invalid","","AJS","2/12/26 15:09"
"cluster_64_huc_041300030201_patch_21.tif",64,"41300030201",21,"invalid","","AJS","2/12/26 15:09"
"cluster_64_huc_041300030201_patch_22.tif",64,"41300030201",22,"valid","","AJS","2/12/26 15:58"
"cluster_64_huc_041300030201_patch_23.tif",64,"41300030201",23,"valid","","AJS","2/12/26 15:58"
"cluster_64_huc_041300030201_patch_24.tif",64,"41300030201",24,"invalid","","AJS","2/12/26 15:58"
"cluster_64_huc_041300030201_patch_25.tif",64,"41300030201",25,"uncertain","","AJS","2/12/26 15:58"
"cluster_64_huc_041300030201_patch_26.tif",64,"41300030201",26,"valid","","AJS","2/12/26 15:58"
"cluster_64_huc_041300030201_patch_27.tif",64,"41300030201",27,"uncertain","","AJS","2/12/26 15:58"
"cluster_64_huc_041300030201_patch_28.tif",64,"41300030201",28,"uncertain","","AJS","2/12/26 15:58"
"cluster_64_huc_041300030201_patch_29.tif",64,"41300030201",29,"uncertain","","AJS","2/12/26 15:58"
"cluster_64_huc_041300030201_patch_30.tif",64,"41300030201",30,"uncertain","","AJS","2/12/26 15:58"
"cluster_64_huc_041300030201_patch_31.tif",64,"41300030201",31,"valid","","AJS","2/12/26 15:58"
"cluster_64_huc_041300030201_patch_32.tif",64,"41300030201",32,"uncertain","","AJS","2/12/26 15:59"
"cluster_64_huc_041300030201_patch_33.tif",64,"41300030201",33,"valid","","AJS","2/12/26 15:59"
"cluster_64_huc_041300030201_patch_34.tif",64,"41300030201",34,"uncertain","","AJS","2/12/26 15:59"
"cluster_64_huc_041300030201_patch_35.tif",64,"41300030201",35,"uncertain","","AJS","2/12/26 15:59"
"cluster_64_huc_041300030201_patch_36.tif",64,"41300030201",36,"uncertain","","AJS","2/12/26 15:59"
"cluster_64_huc_041300030201_patch_37.tif",64,"41300030201",37,"uncertain","","AJS","2/12/26 15:59"
"cluster_64_huc_041300030201_patch_38.tif",64,"41300030201",38,"uncertain","","AJS","2/12/26 15:59"
"cluster_64_huc_041300030201_patch_39.tif",64,"41300030201",39,"uncertain","","AJS","2/12/26 15:59"
"cluster_64_huc_041300030201_patch_40.tif",64,"41300030201",40,"uncertain","","AJS","2/12/26 15:59"
"cluster_64_huc_041300030201_patch_41.tif",64,"41300030201",41,"uncertain","","AJS","2/12/26 15:59"
"cluster_64_huc_041300030201_patch_42.tif",64,"41300030201",42,"uncertain","","AJS","2/12/26 15:59"
"cluster_64_huc_041300030201_patch_43.tif",64,"41300030201",43,"uncertain","","AJS","2/12/26 15:59"
"cluster_64_huc_041300030201_patch_44.tif",64,"41300030201",44,"uncertain","","AJS","2/12/26 15:59"
"cluster_64_huc_041300030201_patch_45.tif",64,"41300030201",45,"uncertain","","AJS","2/12/26 15:59"
"cluster_64_huc_041300030201_patch_46.tif",64,"41300030201",46,"uncertain","","AJS","2/12/26 15:59"
"cluster_64_huc_041300030201_patch_47.tif",64,"41300030201",47,"uncertain","","AJS","2/12/26 15:59"
"cluster_64_huc_041300030201_patch_48.tif",64,"41300030201",48,"uncertain","","AJS","2/12/26 15:59"
"cluster_64_huc_041300030201_patch_49.tif",64,"41300030201",49,"valid","","AJS","2/12/26 16:00"
"cluster_64_huc_041300030201_patch_50.tif",64,"41300030201",50,"valid","","AJS","2/12/26 16:00"
"cluster_64_huc_041300030201_patch_51.tif",64,"41300030201",51,"invalid","","AJS","2/12/26 16:00"
"cluster_64_huc_041300030201_patch_52.tif",64,"41300030201",52,"valid","","AJS","2/12/26 16:00"
"cluster_64_huc_041300030201_patch_53.tif",64,"41300030201",53,"invalid","","AJS","2/12/26 16:00"
"cluster_64_huc_041300030201_patch_54.tif",64,"41300030201",54,"invalid","","AJS","2/12/26 16:00"
"cluster_64_huc_041300030201_patch_55.tif",64,"41300030201",55,"uncertain","","AJS","2/12/26 16:00"
"cluster_64_huc_041300030201_patch_56.tif",64,"41300030201",56,"uncertain","","AJS","2/12/26 16:00"
"cluster_64_huc_041300030201_patch_57.tif",64,"41300030201",57,"uncertain","","AJS","2/12/26 16:00"
"cluster_64_huc_041300030201_patch_58.tif",64,"41300030201",58,"invalid","","AJS","2/12/26 16:00"
"cluster_64_huc_041300030201_patch_59.tif",64,"41300030201",59,"uncertain","","AJS","2/12/26 16:00"
"cluster_64_huc_041300030201_patch_60.tif",64,"41300030201",60,"valid","","AJS","2/12/26 16:00"
"cluster_64_huc_041300030201_patch_61.tif",64,"41300030201",61,"invalid","","AJS","2/12/26 16:01"
"cluster_64_huc_041300030201_patch_62.tif",64,"41300030201",62,"invalid","","AJS","2/12/26 16:01"
"cluster_64_huc_041300030201_patch_63.tif",64,"41300030201",63,"invalid","","AJS","2/12/26 16:01"
"cluster_64_huc_041300030201_patch_64.tif",64,"41300030201",64,"valid","","AJS","2/12/26 16:01"
"cluster_64_huc_041300030201_patch_65.tif",64,"41300030201",65,"invalid","","AJS","2/12/26 16:01"
"cluster_64_huc_041300030201_patch_66.tif",64,"41300030201",66,"uncertain","","AJS","2/12/26 16:01"
"cluster_64_huc_041300030201_patch_67.tif",64,"41300030201",67,"valid","","AJS","2/12/26 16:01"
"cluster_64_huc_041300030201_patch_68.tif",64,"41300030201",68,"uncertain","","AJS","2/12/26 16:01"
"cluster_64_huc_041300030201_patch_69.tif",64,"41300030201",69,"uncertain","","AJS","2/12/26 16:01"
"cluster_64_huc_041300030201_patch_70.tif",64,"41300030201",70,"invalid","","AJS","2/12/26 16:01"
"cluster_64_huc_041300030201_patch_71.tif",64,"41300030201",71,"uncertain","","AJS","2/12/26 16:01"
"cluster_64_huc_041300030201_patch_72.tif",64,"41300030201",72,"uncertain","","AJS","2/12/26 16:01"
"cluster_64_huc_041300030201_patch_73.tif",64,"41300030201",73,"invalid","","AJS","2/12/26 16:01"
"cluster_64_huc_041300030201_patch_74.tif",64,"41300030201",74,"valid","","AJS","2/12/26 16:01"
"cluster_64_huc_041300030201_patch_75.tif",64,"41300030201",75,"valid","","AJS","2/12/26 16:02"
"cluster_64_huc_041300030201_patch_76.tif",64,"41300030201",76,"valid","","AJS","2/12/26 16:02"
"cluster_64_huc_041300030201_patch_77.tif",64,"41300030201",77,"invalid","","AJS","2/12/26 16:02"
"cluster_64_huc_041300030201_patch_78.tif",64,"41300030201",78,"invalid","","AJS","2/12/26 16:02"
"cluster_64_huc_041300030201_patch_79.tif",64,"41300030201",79,"uncertain","","AJS","2/12/26 16:02"
"cluster_64_huc_041300030201_patch_80.tif",64,"41300030201",80,"invalid","","AJS","2/12/26 16:02"
"cluster_64_huc_041300030201_patch_81.tif",64,"41300030201",81,"uncertain","","AJS","2/12/26 16:02"
"cluster_64_huc_041300030201_patch_82.tif",64,"41300030201",82,"invalid","","AJS","2/12/26 16:02"
"cluster_64_huc_041300030201_patch_83.tif",64,"41300030201",83,"invalid","","AJS","2/12/26 16:02"
"cluster_64_huc_041300030201_patch_84.tif",64,"41300030201",84,"valid","","AJS","2/12/26 16:02"
"cluster_64_huc_041300030201_patch_85.tif",64,"41300030201",85,"invalid","","AJS","2/12/26 16:02"
"cluster_64_huc_041300030201_patch_86.tif",64,"41300030201",86,"invalid","","AJS","2/12/26 16:02"
"cluster_64_huc_041300030201_patch_87.tif",64,"41300030201",87,"invalid","","AJS","2/12/26 16:02"
"cluster_64_huc_041300030201_patch_88.tif",64,"41300030201",88,"uncertain","","AJS","2/12/26 16:02"
"cluster_64_huc_041300030201_patch_89.tif",64,"41300030201",89,"uncertain","","AJS","2/12/26 16:02"
"cluster_64_huc_041300030201_patch_90.tif",64,"41300030201",90,"invalid","","AJS","2/12/26 16:02"
"cluster_64_huc_041300030201_patch_91.tif",64,"41300030201",91,"uncertain","","AJS","2/12/26 16:02"
"cluster_64_huc_041300030201_patch_92.tif",64,"41300030201",92,"valid","","AJS","2/12/26 16:02"
"cluster_64_huc_041300030201_patch_93.tif",64,"41300030201",93,"invalid","","AJS","2/12/26 16:02"
"cluster_64_huc_041300030201_patch_94.tif",64,"41300030201",94,"uncertain","","AJS","2/12/26 16:02"
"cluster_64_huc_041300030201_patch_95.tif",64,"41300030201",95,"valid","","AJS","2/12/26 16:02"
"cluster_64_huc_041300030201_patch_96.tif",64,"41300030201",96,"uncertain","","AJS","2/12/26 16:03"
"cluster_64_huc_041300030201_patch_97.tif",64,"41300030201",97,"uncertain","","AJS","2/12/26 16:03"
"cluster_64_huc_041300030201_patch_98.tif",64,"41300030201",98,"valid","","AJS","2/12/26 16:03"
"cluster_64_huc_041300030201_patch_99.tif",64,"41300030201",99,"valid","","AJS","2/12/26 16:03"
"cluster_64_huc_041300030201_patch_100.tif",64,"41300030201",100,"uncertain","","AJS","2/12/26 16:03"
"cluster_64_huc_041300030201_patch_101.tif",64,"41300030201",101,"valid","","AJS","2/12/26 16:03"
"cluster_64_huc_041300030201_patch_102.tif",64,"41300030201",102,"uncertain","","AJS","2/12/26 16:03"
"cluster_64_huc_041300030201_patch_103.tif",64,"41300030201",103,"uncertain","","AJS","2/12/26 16:03"
"cluster_64_huc_041300030201_patch_104.tif",64,"41300030201",104,"uncertain","","AJS","2/12/26 16:03"
"cluster_64_huc_041300030201_patch_105.tif",64,"41300030201",105,"valid","","AJS","2/12/26 16:03"
"cluster_64_huc_041300030201_patch_106.tif",64,"41300030201",106,"valid","","AJS","2/12/26 16:03"
"cluster_64_huc_041300030201_patch_107.tif",64,"41300030201",107,"valid","","AJS","2/12/26 16:03"
"cluster_64_huc_041300030201_patch_108.tif",64,"41300030201",108,"valid","","AJS","2/12/26 16:03"
"cluster_64_huc_041300030201_patch_109.tif",64,"41300030201",109,"valid","","AJS","2/12/26 16:03"
"cluster_64_huc_041300030201_patch_110.tif",64,"41300030201",110,"uncertain","","AJS","2/12/26 16:03"
"cluster_64_huc_041300030201_patch_111.tif",64,"41300030201",111,"uncertain","","AJS","2/12/26 16:03"
"cluster_64_huc_041300030201_patch_112.tif",64,"41300030201",112,"invalid","","AJS","2/12/26 16:03"
"cluster_64_huc_041300030201_patch_113.tif",64,"41300030201",113,"valid","","AJS","2/12/26 16:03"
"cluster_64_huc_041300030201_patch_114.tif",64,"41300030201",114,"invalid","","AJS","2/12/26 16:04"
"cluster_64_huc_041300030201_patch_115.tif",64,"41300030201",115,"invalid","","AJS","2/12/26 16:04"
"cluster_64_huc_041300030201_patch_116.tif",64,"41300030201",116,"valid","","AJS","2/12/26 16:04"
"cluster_64_huc_041300030201_patch_117.tif",64,"41300030201",117,"valid","","AJS","2/12/26 16:04"
"cluster_64_huc_041300030201_patch_118.tif",64,"41300030201",118,"uncertain","","AJS","2/12/26 16:04"
"cluster_64_huc_041300030201_patch_119.tif",64,"41300030201",119,"uncertain","","AJS","2/12/26 16:04"
"cluster_64_huc_041300030201_patch_120.tif",64,"41300030201",120,"valid","","AJS","2/12/26 16:04"
"cluster_64_huc_041300030201_patch_121.tif",64,"41300030201",121,"uncertain","","AJS","2/12/26 16:04"
"cluster_64_huc_041300030201_patch_122.tif",64,"41300030201",122,"uncertain","","AJS","2/12/26 16:04"
"cluster_64_huc_041300030201_patch_123.tif",64,"41300030201",123,"valid","","AJS","2/12/26 16:05"
"cluster_64_huc_041300030201_patch_124.tif",64,"41300030201",124,"valid","","AJS","2/12/26 16:05"
"cluster_64_huc_041300030201_patch_125.tif",64,"41300030201",125,"valid","","AJS","2/12/26 16:05"
"cluster_64_huc_041300030201_patch_126.tif",64,"41300030201",126,"valid","","AJS","2/12/26 16:05"
"cluster_64_huc_041300030201_patch_127.tif",64,"41300030201",127,"valid","","AJS","2/12/26 16:05"
"cluster_64_huc_041300030201_patch_128.tif",64,"41300030201",128,"valid","","AJS","2/12/26 16:05"
"cluster_64_huc_041300030201_patch_129.tif",64,"41300030201",129,"valid","","AJS","2/12/26 16:05"
"cluster_64_huc_041300030201_patch_130.tif",64,"41300030201",130,"valid","","AJS","2/12/26 16:05"
"cluster_64_huc_041300030201_patch_131.tif",64,"41300030201",131,"valid","","AJS","2/12/26 16:05"
"cluster_64_huc_041300030201_patch_132.tif",64,"41300030201",132,"valid","","AJS","2/12/26 16:05"
"cluster_64_huc_041300030201_patch_133.tif",64,"41300030201",133,"invalid","","AJS","2/12/26 16:05"
"cluster_64_huc_041300030201_patch_134.tif",64,"41300030201",134,"valid","","AJS","2/12/26 16:05"
"cluster_64_huc_041300030201_patch_135.tif",64,"41300030201",135,"valid","","AJS","2/12/26 16:05"
"cluster_64_huc_041300030201_patch_136.tif",64,"41300030201",136,"valid","","AJS","2/12/26 16:05"
"cluster_64_huc_041300030201_patch_137.tif",64,"41300030201",137,"valid","","AJS","2/12/26 16:05"
"cluster_64_huc_041300030201_patch_138.tif",64,"41300030201",138,"valid","","AJS","2/12/26 16:05"
"cluster_64_huc_041300030201_patch_139.tif",64,"41300030201",139,"valid","","AJS","2/12/26 16:05"
"cluster_64_huc_041300030201_patch_140.tif",64,"41300030201",140,"valid","","AJS","2/12/26 16:05"
"cluster_64_huc_041300030201_patch_141.tif",64,"41300030201",141,"valid","","AJS","2/12/26 16:05"
"cluster_64_huc_041300030201_patch_142.tif",64,"41300030201",142,"valid","","AJS","2/12/26 16:05"
"cluster_64_huc_041300030201_patch_143.tif",64,"41300030201",143,"invalid","","AJS","2/12/26 16:05"
"cluster_64_huc_041300030201_patch_144.tif",64,"41300030201",144,"valid","","AJS","2/12/26 16:05"
"cluster_64_huc_041300030201_patch_145.tif",64,"41300030201",145,"valid","","AJS","2/12/26 16:05"
"cluster_64_huc_041300030201_patch_146.tif",64,"41300030201",146,"valid","","AJS","2/12/26 16:05"
"cluster_64_huc_041300030201_patch_147.tif",64,"41300030201",147,"valid","","AJS","2/12/26 16:05"
"cluster_64_huc_041300030201_patch_148.tif",64,"41300030201",148,"valid","","AJS","2/12/26 16:05"
"cluster_64_huc_041300030201_patch_149.tif",64,"41300030201",149,"valid","","AJS","2/12/26 16:05"
"cluster_64_huc_041300030201_patch_150.tif",64,"41300030201",150,"invalid","","AJS","2/12/26 16:05"
"cluster_64_huc_041300030201_patch_151.tif",64,"41300030201",151,"valid","","AJS","2/12/26 16:05"
"cluster_64_huc_041300030201_patch_152.tif",64,"41300030201",152,"valid","","AJS","2/12/26 16:05"
"cluster_64_huc_041300030201_patch_153.tif",64,"41300030201",153,"valid","","AJS","2/12/26 16:05"
"cluster_64_huc_041300030201_patch_154.tif",64,"41300030201",154,"valid","","AJS","2/12/26 16:05"
"cluster_64_huc_041300030201_patch_155.tif",64,"41300030201",155,"valid","","AJS","2/12/26 16:05"
"cluster_64_huc_041300030201_patch_156.tif",64,"41300030201",156,"valid","","AJS","2/12/26 16:05"
"cluster_64_huc_041300030201_patch_157.tif",64,"41300030201",157,"valid","","AJS","2/12/26 16:05"
"cluster_64_huc_041300030201_patch_158.tif",64,"41300030201",158,"invalid","","AJS","2/12/26 16:06"
"cluster_64_huc_041300030201_patch_159.tif",64,"41300030201",159,"valid","","AJS","2/12/26 16:06"
"cluster_64_huc_041300030201_patch_160.tif",64,"41300030201",160,"valid","","AJS","2/12/26 16:06"
"cluster_64_huc_041300030201_patch_161.tif",64,"41300030201",161,"valid","","AJS","2/12/26 16:06"
"cluster_64_huc_041300030201_patch_162.tif",64,"41300030201",162,"valid","","AJS","2/12/26 16:06"
"cluster_64_huc_041300030201_patch_163.tif",64,"41300030201",163,"valid","","AJS","2/12/26 16:06"
"cluster_64_huc_041300030201_patch_164.tif",64,"41300030201",164,"uncertain","","AJS","2/12/26 16:06"
"cluster_64_huc_041300030201_patch_165.tif",64,"41300030201",165,"valid","","AJS","2/12/26 16:06"
"cluster_64_huc_041300030201_patch_166.tif",64,"41300030201",166,"valid","","AJS","2/12/26 16:06"
"cluster_64_huc_041300030201_patch_167.tif",64,"41300030201",167,"valid","","AJS","2/12/26 16:06"
"cluster_64_huc_041300030201_patch_168.tif",64,"41300030201",168,"valid","","AJS","2/12/26 16:06"
"cluster_64_huc_041300030201_patch_169.tif",64,"41300030201",169,"uncertain","","AJS","2/12/26 16:06"
"cluster_64_huc_041300030201_patch_170.tif",64,"41300030201",170,"valid","","AJS","2/12/26 16:06"
"cluster_64_huc_041300030201_patch_171.tif",64,"41300030201",171,"valid","","AJS","2/12/26 16:06"
"cluster_64_huc_041300030201_patch_172.tif",64,"41300030201",172,"valid","","AJS","2/12/26 16:06"
"cluster_64_huc_041300030201_patch_173.tif",64,"41300030201",173,"valid","","AJS","2/12/26 16:06"
"cluster_64_huc_041300030201_patch_174.tif",64,"41300030201",174,"valid","","AJS","2/12/26 16:06"
"cluster_64_huc_041300030201_patch_175.tif",64,"41300030201",175,"valid","","AJS","2/12/26 16:06"
"cluster_64_huc_041300030201_patch_176.tif",64,"41300030201",176,"valid","","AJS","2/12/26 16:06"
"cluster_64_huc_041300030201_patch_177.tif",64,"41300030201",177,"valid","","AJS","2/12/26 16:06"
"cluster_64_huc_041300030201_patch_178.tif",64,"41300030201",178,"invalid","","AJS","2/12/26 16:06"
"cluster_64_huc_041300030201_patch_179.tif",64,"41300030201",179,"valid","","AJS","2/12/26 16:06"
"cluster_64_huc_041300030201_patch_180.tif",64,"41300030201",180,"valid","","AJS","2/12/26 16:06"
"cluster_64_huc_041300030201_patch_181.tif",64,"41300030201",181,"valid","","AJS","2/12/26 16:06"
"cluster_64_huc_041300030201_patch_182.tif",64,"41300030201",182,"valid","","AJS","2/12/26 16:06"
"cluster_64_huc_041300030201_patch_183.tif",64,"41300030201",183,"valid","","AJS","2/12/26 16:06"
"cluster_64_huc_041300030201_patch_184.tif",64,"41300030201",184,"valid","","AJS","2/12/26 16:06"
"cluster_64_huc_041300030201_patch_185.tif",64,"41300030201",185,"valid","","AJS","2/12/26 16:06"
"cluster_64_huc_041300030201_patch_186.tif",64,"41300030201",186,"invalid","","AJS","2/12/26 16:06"
"cluster_64_huc_041300030201_patch_187.tif",64,"41300030201",187,"valid","","AJS","2/12/26 16:06"
"cluster_64_huc_041300030201_patch_188.tif",64,"41300030201",188,"valid","","AJS","2/12/26 16:06"
"cluster_64_huc_041300030201_patch_189.tif",64,"41300030201",189,"valid","","AJS","2026-02-12 16:12:04"
"cluster_64_huc_041300030201_patch_190.tif",64,"41300030201",190,"invalid","","AJS","2026-02-12 16:12:07"
"cluster_64_huc_041300030201_patch_191.tif",64,"41300030201",191,"valid","","AJS","2026-02-12 16:12:09"
"cluster_64_huc_041300030201_patch_192.tif",64,"41300030201",192,"invalid","","AJS","2026-02-12 16:12:12"
"cluster_64_huc_041300030201_patch_193.tif",64,"41300030201",193,"uncertain","","AJS","2026-02-12 16:12:14"
"cluster_64_huc_041300030205_patch_1.tif",64,"41300030205",1,"invalid","","AJS","2026-02-12 16:12:16"
"cluster_64_huc_041300030205_patch_2.tif",64,"41300030205",2,"invalid","","AJS","2026-02-12 16:12:17"
"cluster_64_huc_041300030205_patch_3.tif",64,"41300030205",3,"invalid","","AJS","2026-02-12 16:12:20"
"cluster_64_huc_041300030205_patch_4.tif",64,"41300030205",4,"invalid","","AJS","2026-02-12 16:12:21"
"cluster_64_huc_041300030205_patch_5.tif",64,"41300030205",5,"uncertain","","AJS","2026-02-12 16:12:23"
"cluster_64_huc_041300030205_patch_6.tif",64,"41300030205",6,"uncertain","","AJS","2026-02-12 16:12:25"
"cluster_64_huc_041300030205_patch_7.tif",64,"41300030205",7,"invalid","","AJS","2026-02-12 16:12:27"
"cluster_64_huc_041300030205_patch_8.tif",64,"41300030205",8,"invalid","","AJS","2026-02-12 16:12:28"
"cluster_64_huc_041300030205_patch_9.tif",64,"41300030205",9,"invalid","","AJS","2026-02-12 16:12:30"
"cluster_64_huc_041300030205_patch_10.tif",64,"41300030205",10,"valid","","AJS","2026-02-12 16:12:33"
"cluster_64_huc_041300030205_patch_11.tif",64,"41300030205",11,"invalid","","AJS","2026-02-12 16:12:37"
"cluster_64_huc_041300030205_patch_12.tif",64,"41300030205",12,"invalid","","AJS","2026-02-12 16:12:45"
"cluster_64_huc_041300030205_patch_13.tif",64,"41300030205",13,"invalid","","AJS","2026-02-12 16:12:47"
"cluster_64_huc_041300030205_patch_14.tif",64,"41300030205",14,"invalid","","AJS","2026-02-12 16:12:48"
"cluster_64_huc_041300030205_patch_15.tif",64,"41300030205",15,"invalid","","AJS","2026-02-12 16:12:50"
"cluster_64_huc_041300030205_patch_16.tif",64,"41300030205",16,"invalid","","AJS","2026-02-12 16:12:56"
"cluster_64_huc_041300030205_patch_17.tif",64,"41300030205",17,"invalid","","AJS","2026-02-12 16:12:59"
"cluster_64_huc_041300030205_patch_18.tif",64,"41300030205",18,"invalid","","AJS","2026-02-12 16:13:01"
"cluster_64_huc_041300030205_patch_19.tif",64,"41300030205",19,"invalid","","AJS","2026-02-12 16:13:04"
"cluster_64_huc_041300030205_patch_20.tif",64,"41300030205",20,"uncertain","","AJS","2026-02-12 16:13:12"
"cluster_64_huc_041300030205_patch_21.tif",64,"41300030205",21,"invalid","","AJS","2026-02-12 16:13:17"
"cluster_64_huc_041300030205_patch_22.tif",64,"41300030205",22,"invalid","","AJS","2026-02-12 16:13:23"
"cluster_64_huc_041300030205_patch_23.tif",64,"41300030205",23,"invalid","","AJS","2026-02-12 16:13:25"
"cluster_64_huc_041300030205_patch_24.tif",64,"41300030205",24,"invalid","","AJS","2026-02-12 16:13:26"
"cluster_64_huc_041300030205_patch_25.tif",64,"41300030205",25,"invalid","","AJS","2026-02-12 16:13:27"
"cluster_64_huc_041300030205_patch_26.tif",64,"41300030205",26,"uncertain","","AJS","2026-02-12 16:13:30"
"cluster_64_huc_041300030205_patch_27.tif",64,"41300030205",27,"valid","","AJS","2026-02-12 16:13:33"
"cluster_64_huc_041300030205_patch_28.tif",64,"41300030205",28,"invalid","","AJS","2026-02-12 16:13:35"
"cluster_64_huc_041300030205_patch_29.tif",64,"41300030205",29,"invalid","","AJS","2026-02-12 16:13:36"
"cluster_64_huc_041300030205_patch_30.tif",64,"41300030205",30,"invalid","","AJS","2026-02-12 16:13:38"
"cluster_64_huc_041300030205_patch_31.tif",64,"41300030205",31,"invalid","","AJS","2026-02-12 16:13:42"
"cluster_64_huc_041300030205_patch_32.tif",64,"41300030205",32,"uncertain","","AJS","2026-02-12 16:13:45"
"cluster_64_huc_041300030205_patch_33.tif",64,"41300030205",33,"invalid","","AJS","2026-02-12 16:13:47"
"cluster_64_huc_041300030205_patch_34.tif",64,"41300030205",34,"invalid","","AJS","2026-02-12 16:13:48"
"cluster_64_huc_041300030205_patch_35.tif",64,"41300030205",35,"invalid","","AJS","2026-02-12 16:13:53"
"cluster_64_huc_041300030205_patch_36.tif",64,"41300030205",36,"invalid","","AJS","2026-02-12 16:13:56"
"cluster_64_huc_041300030205_patch_37.tif",64,"41300030205",37,"invalid","","AJS","2026-02-12 16:14:03"
"cluster_64_huc_041300030205_patch_38.tif",64,"41300030205",38,"uncertain","","AJS","2026-02-12 16:14:09"
"cluster_64_huc_041300030205_patch_39.tif",64,"41300030205",39,"uncertain","","AJS","2026-02-12 16:14:10"
"cluster_64_huc_041300030205_patch_40.tif",64,"41300030205",40,"uncertain","","AJS","2026-02-12 16:14:13"
"cluster_64_huc_041300030205_patch_41.tif",64,"41300030205",41,"uncertain","","AJS","2026-02-12 16:14:18"
"cluster_64_huc_041300030205_patch_42.tif",64,"41300030205",42,"uncertain","","AJS","2026-02-12 16:14:22"
"cluster_64_huc_041300030205_patch_43.tif",64,"41300030205",43,"invalid","","AJS","2026-02-12 16:14:32"
"cluster_64_huc_041300030205_patch_44.tif",64,"41300030205",44,"valid","","AJS","2026-02-12 16:14:36"
"cluster_64_huc_041300030205_patch_45.tif",64,"41300030205",45,"invalid","","AJS","2026-02-12 16:14:45"
"cluster_64_huc_041300030205_patch_46.tif",64,"41300030205",46,"invalid","","AJS","2026-02-12 16:14:48"
"cluster_64_huc_041300030205_patch_47.tif",64,"41300030205",47,"uncertain","","AJS","2026-02-12 16:14:52"
"cluster_64_huc_041300030205_patch_48.tif",64,"41300030205",48,"uncertain","","AJS","2026-02-12 16:14:57"
"cluster_64_huc_041300030205_patch_49.tif",64,"41300030205",49,"uncertain","","AJS","2026-02-12 16:15:00"
"cluster_64_huc_041300030205_patch_50.tif",64,"41300030205",50,"uncertain","","AJS","2026-02-12 16:15:01"
"cluster_64_huc_041300030205_patch_51.tif",64,"41300030205",51,"uncertain","","AJS","2026-02-12 16:15:05"
"cluster_64_huc_041300030205_patch_52.tif",64,"41300030205",52,"invalid","","AJS","2026-02-12 16:15:07"
"cluster_64_huc_041300030205_patch_53.tif",64,"41300030205",53,"invalid","","AJS","2026-02-12 16:15:10"
"cluster_64_huc_041300030205_patch_54.tif",64,"41300030205",54,"uncertain","","AJS","2026-02-12 16:15:12"
"cluster_64_huc_041300030205_patch_55.tif",64,"41300030205",55,"uncertain","","AJS","2026-02-12 16:15:14"
"cluster_64_huc_041300030205_patch_56.tif",64,"41300030205",56,"invalid","","AJS","2026-02-12 16:15:18"
"cluster_64_huc_041300030205_patch_57.tif",64,"41300030205",57,"invalid","","AJS","2026-02-12 16:15:25"
"cluster_64_huc_041300030205_patch_58.tif",64,"41300030205",58,"invalid","","AJS","2026-02-13 13:10:57"
"cluster_64_huc_041300030205_patch_59.tif",64,"41300030205",59,"invalid","","AJS","2026-02-13 13:11:00"
"cluster_64_huc_041300030205_patch_60.tif",64,"41300030205",60,"invalid","","AJS","2026-02-13 13:11:05"
"cluster_64_huc_041300030205_patch_61.tif",64,"41300030205",61,"uncertain","","AJS","2026-02-13 13:11:18"
"cluster_64_huc_041300030205_patch_62.tif",64,"41300030205",62,"uncertain","","AJS","2026-02-13 13:11:26"
"cluster_64_huc_041300030205_patch_63.tif",64,"41300030205",63,"uncertain","","AJS","2026-02-13 13:11:32"
"cluster_64_huc_041300030205_patch_64.tif",64,"41300030205",64,"uncertain","","AJS","2026-02-13 13:11:45"
"cluster_64_huc_041300030205_patch_65.tif",64,"41300030205",65,"invalid","","AJS","2026-02-13 13:11:51"
"cluster_64_huc_041300030205_patch_66.tif",64,"41300030205",66,"invalid","","AJS","2026-02-13 13:11:57"
"cluster_64_huc_041300030205_patch_67.tif",64,"41300030205",67,"invalid","","AJS","2026-02-13 13:12:03"
"cluster_64_huc_041300030205_patch_68.tif",64,"41300030205",68,"uncertain","","AJS","2026-02-13 13:12:09"
"cluster_64_huc_041300030205_patch_69.tif",64,"41300030205",69,"uncertain","","AJS","2026-02-13 13:12:12"
"cluster_64_huc_041300030205_patch_70.tif",64,"41300030205",70,"invalid","","AJS","2026-02-13 13:12:16"
"cluster_64_huc_041300030205_patch_71.tif",64,"41300030205",71,"invalid","","AJS","2026-02-13 13:12:18"
"cluster_64_huc_041300030205_patch_72.tif",64,"41300030205",72,"invalid","","AJS","2026-02-13 13:12:22"
"cluster_64_huc_041300030205_patch_73.tif",64,"41300030205",73,"valid","","AJS","2026-02-13 13:12:25"
"cluster_64_huc_041300030205_patch_74.tif",64,"41300030205",74,"valid","","AJS","2026-02-13 13:12:26"
"cluster_64_huc_041300030205_patch_75.tif",64,"41300030205",75,"invalid","","AJS","2026-02-13 13:12:28"
"cluster_64_huc_041300030205_patch_76.tif",64,"41300030205",76,"uncertain","","AJS","2026-02-13 13:13:21"
"cluster_64_huc_041300030205_patch_77.tif",64,"41300030205",77,"invalid","","AJS","2026-02-13 13:13:34"
"cluster_64_huc_041300030205_patch_78.tif",64,"41300030205",78,"invalid","","AJS","2026-02-13 13:13:39"
"cluster_64_huc_041300030205_patch_79.tif",64,"41300030205",79,"invalid","","AJS","2026-02-13 13:13:47"
"cluster_64_huc_041300030205_patch_80.tif",64,"41300030205",80,"valid","","AJS","2026-02-13 13:13:50"
"cluster_64_huc_041300030205_patch_81.tif",64,"41300030205",81,"invalid","","AJS","2026-02-13 13:13:58"
"cluster_64_huc_041300030205_patch_82.tif",64,"41300030205",82,"invalid","","AJS","2026-02-13 13:13:59"
"cluster_64_huc_041300030205_patch_83.tif",64,"41300030205",83,"invalid","","AJS","2026-02-13 13:14:01"
"cluster_64_huc_041300030205_patch_84.tif",64,"41300030205",84,"uncertain","","AJS","2026-02-13 13:14:07"
"cluster_64_huc_041300030205_patch_85.tif",64,"41300030205",85,"uncertain","","AJS","2026-02-13 13:14:12"
"cluster_64_huc_041300030205_patch_86.tif",64,"41300030205",86,"valid","","AJS","2026-02-13 13:14:15"
"cluster_64_huc_041300030205_patch_87.tif",64,"41300030205",87,"invalid","","AJS","2026-02-13 13:14:29"
"cluster_64_huc_041300030205_patch_88.tif",64,"41300030205",88,"uncertain","","AJS","2026-02-13 13:14:31"
"cluster_64_huc_041300030205_patch_89.tif",64,"41300030205",89,"valid","","AJS","2026-02-13 13:14:33"
"cluster_64_huc_041300030205_patch_90.tif",64,"41300030205",90,"uncertain","","AJS","2026-02-13 13:14:36"
"cluster_64_huc_041300030205_patch_91.tif",64,"41300030205",91,"invalid","","AJS","2026-02-13 13:14:43"
"cluster_64_huc_041300030205_patch_92.tif",64,"41300030205",92,"uncertain","","AJS","2026-02-13 13:14:48"
"cluster_64_huc_041300030205_patch_93.tif",64,"41300030205",93,"invalid","","AJS","2026-02-13 13:14:51"
"cluster_64_huc_041300030205_patch_94.tif",64,"41300030205",94,"uncertain","","AJS","2026-02-13 13:14:53"
"cluster_64_huc_041300030205_patch_95.tif",64,"41300030205",95,"valid","","AJS","2026-02-13 13:14:57"
"cluster_64_huc_041300030205_patch_96.tif",64,"41300030205",96,"invalid","","AJS","2026-02-13 13:14:59"
"cluster_64_huc_041300030205_patch_97.tif",64,"41300030205",97,"invalid","","AJS","2026-02-13 13:15:02"
"cluster_64_huc_041300030205_patch_98.tif",64,"41300030205",98,"invalid","","AJS","2026-02-13 13:15:04"
"cluster_64_huc_041300030205_patch_99.tif",64,"41300030205",99,"uncertain","","AJS","2026-02-13 13:15:07"
"cluster_64_huc_041300030205_patch_100.tif",64,"41300030205",100,"uncertain","","AJS","2026-02-13 13:15:16"
"cluster_64_huc_041300030205_patch_101.tif",64,"41300030205",101,"valid","","AJS","2026-02-13 13:15:18"
"cluster_64_huc_041300030205_patch_102.tif",64,"41300030205",102,"valid","","AJS","2026-02-13 13:15:19"
"cluster_64_huc_041300030205_patch_103.tif",64,"41300030205",103,"invalid","","AJS","2026-02-13 13:15:21"
"cluster_64_huc_041300030205_patch_104.tif",64,"41300030205",104,"invalid","","AJS","2026-02-13 13:15:23"
"cluster_64_huc_041300030205_patch_105.tif",64,"41300030205",105,"uncertain","","AJS","2026-02-13 13:15:27"
"cluster_64_huc_041300030205_patch_106.tif",64,"41300030205",106,"uncertain","","AJS","2026-02-13 13:15:29"
"cluster_64_huc_041300030205_patch_107.tif",64,"41300030205",107,"valid","","AJS","2026-02-13 13:15:32"
"cluster_64_huc_041300030205_patch_108.tif",64,"41300030205",108,"valid","","AJS","2026-02-13 13:15:33"
"cluster_64_huc_041300030205_patch_109.tif",64,"41300030205",109,"uncertain","","AJS","2026-02-13 13:15:37"
"cluster_64_huc_041300030205_patch_110.tif",64,"41300030205",110,"uncertain","","AJS","2026-02-13 13:15:39"
"cluster_64_huc_041300030205_patch_111.tif",64,"41300030205",111,"invalid","","AJS","2026-02-13 13:15:41"
"cluster_64_huc_041300030205_patch_112.tif",64,"41300030205",112,"uncertain","","AJS","2026-02-13 13:15:43"
"cluster_64_huc_041300030205_patch_113.tif",64,"41300030205",113,"uncertain","","AJS","2026-02-13 13:15:46"
"cluster_64_huc_041300030205_patch_114.tif",64,"41300030205",114,"invalid","","AJS","2026-02-13 13:15:56"
"cluster_64_huc_041300030205_patch_115.tif",64,"41300030205",115,"invalid","","AJS","2026-02-13 13:16:02"
"cluster_64_huc_041300030205_patch_116.tif",64,"41300030205",116,"invalid","","AJS","2026-02-13 13:16:05"
"cluster_64_huc_041300030205_patch_117.tif",64,"41300030205",117,"valid","","AJS","2026-02-13 13:16:07"
"cluster_64_huc_041300030205_patch_118.tif",64,"41300030205",118,"uncertain","","AJS","2026-02-13 13:16:18"
"cluster_64_huc_041300030205_patch_119.tif",64,"41300030205",119,"uncertain","","AJS","2026-02-13 13:16:26"
"cluster_64_huc_041300030205_patch_120.tif",64,"41300030205",120,"invalid","","AJS","2026-02-13 13:16:28"
"cluster_64_huc_041300030205_patch_121.tif",64,"41300030205",121,"uncertain","","AJS","2026-02-13 13:16:32"
"cluster_64_huc_041300030205_patch_122.tif",64,"41300030205",122,"invalid","","AJS","2026-02-13 13:16:35"
"cluster_64_huc_041300030205_patch_123.tif",64,"41300030205",123,"invalid","","AJS","2026-02-13 13:16:38"
"cluster_64_huc_041300030205_patch_124.tif",64,"41300030205",124,"invalid","","AJS","2026-02-13 13:16:39"
"cluster_64_huc_041300030205_patch_125.tif",64,"41300030205",125,"uncertain","","AJS","2026-02-13 13:16:42"
"cluster_64_huc_041300030205_patch_126.tif",64,"41300030205",126,"invalid","","AJS","2026-02-13 13:16:45"
"cluster_64_huc_041300030205_patch_127.tif",64,"41300030205",127,"invalid","","AJS","2026-02-13 13:16:47"
"cluster_64_huc_041300030205_patch_128.tif",64,"41300030205",128,"invalid","","AJS","2026-02-13 13:16:51"
"cluster_64_huc_041300030205_patch_129.tif",64,"41300030205",129,"invalid","","AJS","2026-02-13 13:16:52"
"cluster_64_huc_041300030205_patch_130.tif",64,"41300030205",130,"invalid","","AJS","2026-02-13 13:16:55"
"cluster_64_huc_041300030205_patch_131.tif",64,"41300030205",131,"invalid","","AJS","2026-02-13 13:16:58"
"cluster_64_huc_041300030205_patch_132.tif",64,"41300030205",132,"invalid","","AJS","2026-02-13 13:16:59"
"cluster_64_huc_041300030205_patch_133.tif",64,"41300030205",133,"uncertain","","AJS","2026-02-13 13:17:02"
"cluster_64_huc_041300030205_patch_134.tif",64,"41300030205",134,"uncertain","","AJS","2026-02-13 13:17:09"
"cluster_64_huc_041300030205_patch_135.tif",64,"41300030205",135,"valid","","AJS","2026-02-13 13:17:13"
"cluster_64_huc_041300030205_patch_136.tif",64,"41300030205",136,"invalid","","AJS","2026-02-13 13:17:18"
"cluster_64_huc_041300030205_patch_137.tif",64,"41300030205",137,"invalid","","AJS","2026-02-13 13:17:21"
"cluster_64_huc_041300030205_patch_138.tif",64,"41300030205",138,"invalid","","AJS","2026-02-13 13:17:24"
"cluster_64_huc_041300030205_patch_139.tif",64,"41300030205",139,"invalid","","AJS","2026-02-13 13:17:26"
"cluster_64_huc_041300030205_patch_140.tif",64,"41300030205",140,"invalid","","AJS","2026-02-13 13:17:33"
"cluster_64_huc_041300030205_patch_141.tif",64,"41300030205",141,"valid","","AJS","2026-02-13 13:17:36"
"cluster_64_huc_041300030205_patch_142.tif",64,"41300030205",142,"valid","","AJS","2026-02-13 13:17:38"
"cluster_64_huc_041300030205_patch_143.tif",64,"41300030205",143,"invalid","","AJS","2026-02-13 13:17:41"
"cluster_64_huc_041300030205_patch_144.tif",64,"41300030205",144,"invalid","","AJS","2026-02-13 13:17:43"
"cluster_64_huc_041300030205_patch_145.tif",64,"41300030205",145,"invalid","","AJS","2026-02-13 13:17:45"
"cluster_64_huc_041300030205_patch_146.tif",64,"41300030205",146,"invalid","","AJS","2026-02-13 13:17:46"
"cluster_64_huc_041300030205_patch_147.tif",64,"41300030205",147,"invalid","","AJS","2026-02-13 13:17:49"
"cluster_64_huc_041300030205_patch_148.tif",64,"41300030205",148,"uncertain","","AJS","2026-02-13 13:17:56"
"cluster_64_huc_041300030205_patch_149.tif",64,"41300030205",149,"uncertain","","AJS","2026-02-13 13:18:00"
"cluster_64_huc_041300030205_patch_150.tif",64,"41300030205",150,"invalid","","AJS","2026-02-13 13:18:03"
"cluster_64_huc_041300030205_patch_151.tif",64,"41300030205",151,"uncertain","","AJS","2026-02-13 13:18:07"
"cluster_64_huc_041300030205_patch_152.tif",64,"41300030205",152,"invalid","","AJS","2026-02-13 13:18:09"
"cluster_64_huc_041300030205_patch_153.tif",64,"41300030205",153,"invalid","","AJS","2026-02-13 13:18:12"
"cluster_64_huc_041300030205_patch_154.tif",64,"41300030205",154,"invalid","","AJS","2026-02-13 13:18:13"
"cluster_64_huc_041300030205_patch_155.tif",64,"41300030205",155,"invalid","","AJS","2026-02-13 13:18:15"
"cluster_64_huc_041300030205_patch_156.tif",64,"41300030205",156,"uncertain","","AJS","2026-02-13 13:18:18"
"cluster_64_huc_041300030205_patch_157.tif",64,"41300030205",157,"valid","","AJS","2026-02-13 13:18:20"
"cluster_64_huc_041300030205_patch_158.tif",64,"41300030205",158,"uncertain","","AJS","2026-02-13 13:18:23"
"cluster_64_huc_041300030205_patch_159.tif",64,"41300030205",159,"invalid","","AJS","2026-02-13 13:18:28"
"cluster_64_huc_041300030205_patch_160.tif",64,"41300030205",160,"uncertain","","AJS","2026-02-13 13:18:30"
"cluster_64_huc_041300030205_patch_161.tif",64,"41300030205",161,"uncertain","","AJS","2026-02-13 13:18:33"
"cluster_64_huc_041300030205_patch_162.tif",64,"41300030205",162,"valid","","AJS","2026-02-13 13:18:35"
"cluster_64_huc_041300030205_patch_163.tif",64,"41300030205",163,"valid","","AJS","2026-02-13 13:18:36"
"cluster_64_huc_041300030205_patch_164.tif",64,"41300030205",164,"invalid","","AJS","2026-02-13 13:18:39"
"cluster_64_huc_041300030205_patch_165.tif",64,"41300030205",165,"uncertain","","AJS","2026-02-13 13:18:42"
"cluster_64_huc_041300030205_patch_166.tif",64,"41300030205",166,"uncertain","","AJS","2026-02-13 13:18:48"
"cluster_64_huc_041300030205_patch_167.tif",64,"41300030205",167,"uncertain","","AJS","2026-02-13 13:18:53"
"cluster_64_huc_041300030205_patch_168.tif",64,"41300030205",168,"uncertain","","AJS","2026-02-13 13:18:57"
"cluster_64_huc_041300030205_patch_169.tif",64,"41300030205",169,"uncertain","","AJS","2026-02-13 13:19:04"
"cluster_64_huc_041300030205_patch_170.tif",64,"41300030205",170,"uncertain","","AJS","2026-02-13 13:19:09"
"cluster_64_huc_041300030205_patch_171.tif",64,"41300030205",171,"uncertain","","AJS","2026-02-13 13:19:11"
"cluster_64_huc_041300030205_patch_172.tif",64,"41300030205",172,"uncertain","","AJS","2026-02-13 13:19:14"
"cluster_64_huc_041300030205_patch_173.tif",64,"41300030205",173,"uncertain","","AJS","2026-02-13 13:19:18"
"cluster_64_huc_041300030205_patch_174.tif",64,"41300030205",174,"invalid","","AJS","2026-02-13 13:19:19"
"cluster_64_huc_041300030205_patch_175.tif",64,"41300030205",175,"invalid","","AJS","2026-02-13 13:19:21"
"cluster_64_huc_041300030205_patch_176.tif",64,"41300030205",176,"uncertain","","AJS","2026-02-13 13:19:25"
"cluster_64_huc_041300030205_patch_177.tif",64,"41300030205",177,"invalid","","AJS","2026-02-13 13:19:28"
"cluster_64_huc_041300030205_patch_178.tif",64,"41300030205",178,"invalid","","AJS","2026-02-13 13:19:36"
"cluster_64_huc_041300030205_patch_179.tif",64,"41300030205",179,"invalid","","AJS","2026-02-13 13:19:38"
"cluster_64_huc_041300030205_patch_180.tif",64,"41300030205",180,"invalid","","AJS","2026-02-13 13:19:40"
"cluster_64_huc_041300030205_patch_181.tif",64,"41300030205",181,"invalid","","AJS","2026-02-13 13:19:43"
"cluster_64_huc_041300030205_patch_182.tif",64,"41300030205",182,"uncertain","","AJS","2026-02-13 13:19:45"
"cluster_64_huc_041300030205_patch_183.tif",64,"41300030205",183,"uncertain","","AJS","2026-02-13 13:19:49"
"cluster_64_huc_041300030205_patch_184.tif",64,"41300030205",184,"invalid","","AJS","2026-02-13 13:19:54"
"cluster_64_huc_041300030205_patch_185.tif",64,"41300030205",185,"invalid","","AJS","2026-02-13 13:20:05"
"cluster_64_huc_041300030205_patch_186.tif",64,"41300030205",186,"uncertain","","AJS","2026-02-13 13:20:08"
"cluster_64_huc_041300030205_patch_187.tif",64,"41300030205",187,"uncertain","","AJS","2026-02-13 13:20:11"
"cluster_64_huc_041300030205_patch_188.tif",64,"41300030205",188,"invalid","","AJS","2026-02-13 13:20:15"
"cluster_64_huc_041300030205_patch_189.tif",64,"41300030205",189,"invalid","","AJS","2026-02-13 13:20:17"
"cluster_64_huc_041300030205_patch_190.tif",64,"41300030205",190,"invalid","","AJS","2026-02-13 13:20:18"
"cluster_64_huc_041300030205_patch_191.tif",64,"41300030205",191,"valid","","AJS","2026-02-13 13:20:19"
"cluster_64_huc_041300030205_patch_192.tif",64,"41300030205",192,"uncertain","","AJS","2026-02-13 13:20:22"
"cluster_64_huc_041300030205_patch_193.tif",64,"41300030205",193,"uncertain","","AJS","2026-02-13 13:20:23"
"cluster_64_huc_041300030205_patch_194.tif",64,"41300030205",194,"invalid","","AJS","2026-02-13 13:20:25"
"cluster_64_huc_041300030205_patch_195.tif",64,"41300030205",195,"invalid","","AJS","2026-02-13 13:20:26"
"cluster_64_huc_041300030205_patch_196.tif",64,"41300030205",196,"valid","","AJS","2026-02-13 13:20:28"
"cluster_64_huc_041300030205_patch_197.tif",64,"41300030205",197,"valid","","AJS","2026-02-13 13:20:30"
"cluster_64_huc_041300030205_patch_198.tif",64,"41300030205",198,"invalid","","AJS","2026-02-13 13:20:31"
"cluster_64_huc_041300030205_patch_199.tif",64,"41300030205",199,"invalid","","AJS","2026-02-13 13:20:33"
"cluster_64_huc_041300030205_patch_200.tif",64,"41300030205",200,"invalid","","AJS","2026-02-13 13:20:35"
"cluster_64_huc_041300030205_patch_201.tif",64,"41300030205",201,"invalid","","AJS","2026-02-13 13:20:39"
"cluster_64_huc_041300030205_patch_202.tif",64,"41300030205",202,"uncertain","","AJS","2026-02-13 13:20:42"
"cluster_64_huc_041300030205_patch_203.tif",64,"41300030205",203,"invalid","","AJS","2026-02-13 13:20:44"
"cluster_64_huc_041300030205_patch_204.tif",64,"41300030205",204,"invalid","","AJS","2026-02-13 13:20:46"
"cluster_64_huc_041300030205_patch_205.tif",64,"41300030205",205,"invalid","","AJS","2026-02-13 13:20:47"
"cluster_64_huc_041300030205_patch_206.tif",64,"41300030205",206,"invalid","","AJS","2026-02-13 13:20:49"
"cluster_64_huc_041300030205_patch_207.tif",64,"41300030205",207,"invalid","","AJS","2026-02-13 13:20:53"
"cluster_64_huc_041300030205_patch_208.tif",64,"41300030205",208,"invalid","","AJS","2026-02-13 13:20:59"
"cluster_64_huc_041300030205_patch_209.tif",64,"41300030205",209,"uncertain","","AJS","2026-02-13 13:21:02"
"cluster_64_huc_041300030205_patch_210.tif",64,"41300030205",210,"uncertain","","AJS","2026-02-13 13:21:04"
"cluster_64_huc_041300030205_patch_211.tif",64,"41300030205",211,"invalid","","AJS","2026-02-13 13:21:05"
"cluster_64_huc_041300030205_patch_212.tif",64,"41300030205",212,"invalid","","AJS","2026-02-13 13:21:18"
"cluster_64_huc_041300030205_patch_213.tif",64,"41300030205",213,"invalid","","AJS","2026-02-13 13:21:19"
"cluster_64_huc_041300030205_patch_214.tif",64,"41300030205",214,"invalid","","AJS","2026-02-13 13:21:21"
"cluster_64_huc_041300030205_patch_215.tif",64,"41300030205",215,"invalid","","AJS","2026-02-13 13:21:22"
"cluster_64_huc_041300030205_patch_216.tif",64,"41300030205",216,"invalid","","AJS","2026-02-13 13:21:23"
"cluster_64_huc_041300030205_patch_217.tif",64,"41300030205",217,"uncertain","","AJS","2026-02-13 13:21:25"
"cluster_64_huc_041300030205_patch_218.tif",64,"41300030205",218,"invalid","","AJS","2026-02-13 13:21:28"
"cluster_64_huc_041300030205_patch_219.tif",64,"41300030205",219,"invalid","","AJS","2026-02-13 13:21:29"
"cluster_64_huc_041300030205_patch_220.tif",64,"41300030205",220,"valid","","AJS","2026-02-13 13:21:33"
"cluster_64_huc_041300030205_patch_221.tif",64,"41300030205",221,"uncertain","","AJS","2026-02-13 13:21:36"
"cluster_64_huc_041300030205_patch_222.tif",64,"41300030205",222,"valid","","AJS","2026-02-13 13:21:38"
"cluster_64_huc_041300030205_patch_223.tif",64,"41300030205",223,"valid","","AJS","2026-02-13 13:21:39"
"cluster_64_huc_041300030205_patch_224.tif",64,"41300030205",224,"uncertain","","AJS","2026-02-13 13:21:41"
"cluster_64_huc_041300030205_patch_225.tif",64,"41300030205",225,"invalid","","AJS","2026-02-13 13:21:43"
"cluster_64_huc_041300030205_patch_226.tif",64,"41300030205",226,"uncertain","","AJS","2026-02-13 13:21:46"
"cluster_64_huc_041300030205_patch_227.tif",64,"41300030205",227,"invalid","","AJS","2026-02-13 13:21:47"
"cluster_64_huc_041300030205_patch_228.tif",64,"41300030205",228,"invalid","","AJS","2026-02-13 13:21:52"
"cluster_64_huc_041300030205_patch_229.tif",64,"41300030205",229,"invalid","","AJS","2026-02-13 13:21:55"
"cluster_64_huc_041300030205_patch_230.tif",64,"41300030205",230,"uncertain","","AJS","2026-02-13 13:21:57"
"cluster_64_huc_041300030205_patch_231.tif",64,"41300030205",231,"valid","","AJS","2026-02-13 13:21:59"
"cluster_64_huc_041300030205_patch_232.tif",64,"41300030205",232,"invalid","","AJS","2026-02-13 13:22:01"
"cluster_64_huc_041300030205_patch_233.tif",64,"41300030205",233,"invalid","","AJS","2026-02-13 13:22:02"
"cluster_64_huc_041300030205_patch_234.tif",64,"41300030205",234,"invalid","","AJS","2026-02-13 13:22:03"
"cluster_64_huc_041300030205_patch_235.tif",64,"41300030205",235,"invalid","","AJS","2026-02-13 13:22:05"
"cluster_64_huc_041300030205_patch_236.tif",64,"41300030205",236,"uncertain","","AJS","2026-02-13 13:22:08"
"cluster_64_huc_041300030205_patch_237.tif",64,"41300030205",237,"invalid","","AJS","2026-02-13 13:22:09"
"cluster_64_huc_041300030205_patch_238.tif",64,"41300030205",238,"invalid","","AJS","2026-02-13 13:22:10"
"cluster_64_huc_041300030205_patch_239.tif",64,"41300030205",239,"invalid","","AJS","2026-02-13 13:22:11"
"cluster_64_huc_041300030205_patch_240.tif",64,"41300030205",240,"uncertain","","AJS","2026-02-13 13:22:13"
"cluster_64_huc_041300030205_patch_241.tif",64,"41300030205",241,"invalid","","AJS","2026-02-13 13:22:15"
"cluster_64_huc_041300030205_patch_242.tif",64,"41300030205",242,"invalid","","AJS","2026-02-13 13:22:15"
"cluster_64_huc_041300030205_patch_243.tif",64,"41300030205",243,"invalid","","AJS","2026-02-13 13:22:17"
"cluster_64_huc_041300030205_patch_244.tif",64,"41300030205",244,"invalid","","AJS","2026-02-13 13:22:17"
"cluster_64_huc_041300030205_patch_245.tif",64,"41300030205",245,"invalid","","AJS","2026-02-13 13:22:18"
"cluster_64_huc_041300030205_patch_246.tif",64,"41300030205",246,"valid","","AJS","2026-02-13 13:22:22"
"cluster_64_huc_041300030205_patch_247.tif",64,"41300030205",247,"valid","","AJS","2026-02-13 13:22:24"
"cluster_64_huc_041300030205_patch_248.tif",64,"41300030205",248,"uncertain","","AJS","2026-02-13 13:22:27"
"cluster_64_huc_041300030205_patch_249.tif",64,"41300030205",249,"invalid","","AJS","2026-02-13 13:22:29"
"cluster_64_huc_041300030205_patch_250.tif",64,"41300030205",250,"uncertain","","AJS","2026-02-13 13:22:32"
"cluster_64_huc_041300030205_patch_251.tif",64,"41300030205",251,"uncertain","","AJS","2026-02-13 13:22:33"
"cluster_64_huc_041300030205_patch_252.tif",64,"41300030205",252,"invalid","","AJS","2026-02-13 13:22:35"
"cluster_64_huc_041300030205_patch_253.tif",64,"41300030205",253,"invalid","","AJS","2026-02-13 13:22:36"
"cluster_64_huc_041300030205_patch_254.tif",64,"41300030205",254,"invalid","","AJS","2026-02-13 13:22:37"
"cluster_64_huc_041300030205_patch_255.tif",64,"41300030205",255,"invalid","","AJS","2026-02-13 13:22:38"
"cluster_64_huc_041300030205_patch_256.tif",64,"41300030205",256,"invalid","","AJS","2026-02-13 13:22:39"
"cluster_64_huc_041300030205_patch_257.tif",64,"41300030205",257,"invalid","","AJS","2026-02-13 13:22:40"
"cluster_64_huc_041300030205_patch_258.tif",64,"41300030205",258,"uncertain","","AJS","2026-02-13 13:22:42"
"cluster_64_huc_041300030205_patch_259.tif",64,"41300030205",259,"invalid","","AJS","2026-02-13 13:22:45"
"cluster_64_huc_041300030205_patch_260.tif",64,"41300030205",260,"invalid","","AJS","2026-02-13 13:22:47"
"cluster_64_huc_041300030205_patch_261.tif",64,"41300030205",261,"valid","","AJS","2026-02-13 13:22:49"
"cluster_64_huc_041300030205_patch_262.tif",64,"41300030205",262,"invalid","","AJS","2026-02-13 13:22:50"
"cluster_64_huc_041300030205_patch_263.tif",64,"41300030205",263,"invalid","","AJS","2026-02-13 13:23:00"
"cluster_64_huc_041300030205_patch_264.tif",64,"41300030205",264,"uncertain","","AJS","2026-02-13 13:23:02"
"cluster_64_huc_041300030205_patch_265.tif",64,"41300030205",265,"invalid","","AJS","2026-02-13 13:23:04"
"cluster_64_huc_041300030205_patch_266.tif",64,"41300030205",266,"uncertain","","AJS","2026-02-13 13:23:05"
"cluster_64_huc_041300030205_patch_267.tif",64,"41300030205",267,"valid","","AJS","2026-02-13 13:23:07"
"cluster_64_huc_041300030205_patch_268.tif",64,"41300030205",268,"valid","","AJS","2026-02-13 13:23:10"
"cluster_64_huc_041300030205_patch_269.tif",64,"41300030205",269,"uncertain","","AJS","2026-02-13 13:23:15"
"cluster_64_huc_041300030205_patch_270.tif",64,"41300030205",270,"invalid","","AJS","2026-02-13 13:23:17"
"cluster_64_huc_041300030205_patch_271.tif",64,"41300030205",271,"invalid","","AJS","2026-02-13 13:23:18"
"cluster_64_huc_041300030205_patch_272.tif",64,"41300030205",272,"uncertain","","AJS","2026-02-13 13:23:20"
"cluster_64_huc_041300030205_patch_273.tif",64,"41300030205",273,"uncertain","","AJS","2026-02-13 13:23:22"
"cluster_64_huc_041300030205_patch_274.tif",64,"41300030205",274,"uncertain","","AJS","2026-02-13 13:23:24"
"cluster_64_huc_041300030205_patch_275.tif",64,"41300030205",275,"uncertain","","AJS","2026-02-13 13:23:25"
"cluster_64_huc_041300030205_patch_276.tif",64,"41300030205",276,"invalid","","AJS","2026-02-13 13:23:27"
"cluster_64_huc_041300030205_patch_277.tif",64,"41300030205",277,"uncertain","","AJS","2026-02-13 13:23:28"
"cluster_64_huc_041300030205_patch_278.tif",64,"41300030205",278,"invalid","","AJS","2026-02-13 13:23:30"
"cluster_64_huc_041300030205_patch_279.tif",64,"41300030205",279,"invalid","","AJS","2026-02-13 13:23:31"
"cluster_64_huc_041300030205_patch_280.tif",64,"41300030205",280,"uncertain","","AJS","2026-02-13 13:23:34"
"cluster_64_huc_041300030205_patch_281.tif",64,"41300030205",281,"invalid","","AJS","2026-02-13 13:23:36"
"cluster_64_huc_041300030205_patch_282.tif",64,"41300030205",282,"invalid","","AJS","2026-02-13 13:23:42"
"cluster_64_huc_041300030205_patch_283.tif",64,"41300030205",283,"invalid","","AJS","2026-02-13 13:23:44"
"cluster_64_huc_041300030205_patch_284.tif",64,"41300030205",284,"invalid","","AJS","2026-02-13 13:23:45"
"cluster_64_huc_041300030205_patch_285.tif",64,"41300030205",285,"invalid","","AJS","2026-02-13 13:23:46"
"cluster_64_huc_041300030205_patch_286.tif",64,"41300030205",286,"invalid","","AJS","2026-02-13 13:23:48"
"cluster_64_huc_041300030205_patch_287.tif",64,"41300030205",287,"uncertain","","AJS","2026-02-13 13:23:49"
"cluster_64_huc_041300030205_patch_288.tif",64,"41300030205",288,"invalid","","AJS","2026-02-13 13:23:51"
"cluster_64_huc_041300030205_patch_289.tif",64,"41300030205",289,"uncertain","","AJS","2026-02-13 13:23:52"
"cluster_64_huc_041300030205_patch_290.tif",64,"41300030205",290,"invalid","","AJS","2026-02-13 13:24:02"
"cluster_64_huc_041300030205_patch_291.tif",64,"41300030205",291,"invalid","","AJS","2026-02-13 13:24:03"
"cluster_64_huc_041300030205_patch_292.tif",64,"41300030205",292,"uncertain","","AJS","2026-02-13 13:24:06"
"cluster_64_huc_041300030205_patch_293.tif",64,"41300030205",293,"uncertain","","AJS","2026-02-13 13:24:07"
"cluster_64_huc_041300030205_patch_294.tif",64,"41300030205",294,"invalid","","AJS","2026-02-13 13:24:11"
"cluster_64_huc_041300030205_patch_295.tif",64,"41300030205",295,"invalid","","AJS","2026-02-13 13:24:12"
"cluster_64_huc_041300030205_patch_296.tif",64,"41300030205",296,"invalid","","AJS","2026-02-13 13:24:15"
"cluster_64_huc_041300030205_patch_297.tif",64,"41300030205",297,"invalid","","AJS","2026-02-13 13:24:17"
"cluster_64_huc_041300030205_patch_298.tif",64,"41300030205",298,"invalid","","AJS","2026-02-13 13:24:18"
"cluster_64_huc_041300030205_patch_299.tif",64,"41300030205",299,"invalid","","AJS","2026-02-13 13:24:24"
"cluster_64_huc_041300030205_patch_300.tif",64,"41300030205",300,"invalid","","AJS","2026-02-13 13:24:25"
"cluster_64_huc_041300030205_patch_301.tif",64,"41300030205",301,"invalid","","AJS","2026-02-13 13:24:26"
"cluster_64_huc_041300030205_patch_302.tif",64,"41300030205",302,"invalid","","AJS","2026-02-13 13:24:28"
"cluster_64_huc_041300030205_patch_303.tif",64,"41300030205",303,"invalid","","AJS","2026-02-13 13:24:29"
"cluster_64_huc_041300030205_patch_304.tif",64,"41300030205",304,"invalid","","AJS","2026-02-13 13:24:30"
"cluster_64_huc_041300030205_patch_305.tif",64,"41300030205",305,"uncertain","","AJS","2026-02-13 13:24:32"
"cluster_64_huc_041300030205_patch_306.tif",64,"41300030205",306,"invalid","","AJS","2026-02-13 13:24:36"
"cluster_64_huc_041300030205_patch_307.tif",64,"41300030205",307,"invalid","","AJS","2026-02-13 13:24:41"
"cluster_64_huc_041300030205_patch_308.tif",64,"41300030205",308,"invalid","","AJS","2026-02-13 13:24:41"
"cluster_64_huc_041300030205_patch_309.tif",64,"41300030205",309,"invalid","","AJS","2026-02-13 13:24:43"
"cluster_64_huc_041300030205_patch_310.tif",64,"41300030205",310,"uncertain","","AJS","2026-02-13 13:24:45"
"cluster_64_huc_041300030205_patch_311.tif",64,"41300030205",311,"uncertain","","AJS","2026-02-13 13:24:47"
"cluster_64_huc_041300030205_patch_312.tif",64,"41300030205",312,"uncertain","","AJS","2026-02-13 13:24:48"
"cluster_64_huc_041300030205_patch_313.tif",64,"41300030205",313,"uncertain","","AJS","2026-02-13 13:24:50"
"cluster_64_huc_041300030205_patch_314.tif",64,"41300030205",314,"invalid","","AJS","2026-02-13 13:24:52"
"cluster_64_huc_041300030205_patch_315.tif",64,"41300030205",315,"uncertain","","AJS","2026-02-13 13:24:55"
"cluster_64_huc_041300030205_patch_316.tif",64,"41300030205",316,"invalid","","AJS","2026-02-13 13:24:57"
"cluster_64_huc_041300030205_patch_317.tif",64,"41300030205",317,"invalid","","AJS","2026-02-13 13:24:58"
"cluster_64_huc_041300030205_patch_318.tif",64,"41300030205",318,"invalid","","AJS","2026-02-13 13:24:59"
"cluster_64_huc_041300030205_patch_319.tif",64,"41300030205",319,"uncertain","","AJS","2026-02-13 13:25:01"
"cluster_64_huc_041300030205_patch_320.tif",64,"41300030205",320,"uncertain","","AJS","2026-02-13 13:25:02"
"cluster_64_huc_041300030205_patch_321.tif",64,"41300030205",321,"uncertain","","AJS","2026-02-13 13:25:04"
"cluster_64_huc_041300030205_patch_322.tif",64,"41300030205",322,"uncertain","","AJS","2026-02-13 13:25:06"
"cluster_64_huc_041300030205_patch_323.tif",64,"41300030205",323,"invalid","","AJS","2026-02-13 13:25:08"
"cluster_64_huc_041300030205_patch_324.tif",64,"41300030205",324,"uncertain","","AJS","2026-02-13 13:25:10"
"cluster_64_huc_041300030205_patch_325.tif",64,"41300030205",325,"invalid","","AJS","2026-02-13 13:25:19"
"cluster_64_huc_041300030205_patch_326.tif",64,"41300030205",326,"uncertain","","AJS","2026-02-13 13:25:23"
"cluster_64_huc_041300030205_patch_327.tif",64,"41300030205",327,"uncertain","","AJS","2026-02-13 13:25:24"
"cluster_64_huc_041300030205_patch_328.tif",64,"41300030205",328,"invalid","","AJS","2026-02-13 13:25:26"
"cluster_64_huc_041300030205_patch_329.tif",64,"41300030205",329,"uncertain","","AJS","2026-02-13 13:25:32"
"cluster_64_huc_041300030205_patch_330.tif",64,"41300030205",330,"invalid","","AJS","2026-02-13 13:25:37"
"cluster_64_huc_041300030205_patch_331.tif",64,"41300030205",331,"invalid","","AJS","2026-02-13 13:25:39"
"cluster_64_huc_041300030205_patch_332.tif",64,"41300030205",332,"invalid","","AJS","2026-02-13 13:25:40"
"cluster_64_huc_041300030205_patch_333.tif",64,"41300030205",333,"invalid","","AJS","2026-02-13 13:25:41"
"cluster_64_huc_041300030205_patch_334.tif",64,"41300030205",334,"invalid","","AJS","2026-02-13 13:25:43"
"cluster_64_huc_041300030205_patch_335.tif",64,"41300030205",335,"invalid","","AJS","2026-02-13 13:25:44"
"cluster_64_huc_041300030205_patch_336.tif",64,"41300030205",336,"uncertain","","AJS","2026-02-13 13:25:46"
"cluster_64_huc_041300030205_patch_337.tif",64,"41300030205",337,"uncertain","","AJS","2026-02-13 13:25:48"
"cluster_64_huc_041300030205_patch_338.tif",64,"41300030205",338,"uncertain","","AJS","2026-02-13 13:25:49"
"cluster_64_huc_041300030205_patch_339.tif",64,"41300030205",339,"uncertain","","AJS","2026-02-13 13:25:51"
"cluster_64_huc_041300030205_patch_340.tif",64,"41300030205",340,"uncertain","","AJS","2026-02-13 13:25:53"
"cluster_64_huc_041300030205_patch_341.tif",64,"41300030205",341,"uncertain","","AJS","2026-02-13 13:25:54"
"cluster_64_huc_041300030205_patch_342.tif",64,"41300030205",342,"invalid","","AJS","2026-02-13 13:25:56"
"cluster_64_huc_041300030205_patch_343.tif",64,"41300030205",343,"invalid","","AJS","2026-02-13 13:25:57"
"cluster_64_huc_041300030205_patch_344.tif",64,"41300030205",344,"invalid","","AJS","2026-02-13 13:25:58"
"cluster_64_huc_041300030205_patch_345.tif",64,"41300030205",345,"uncertain","","AJS","2026-02-13 13:26:00"
"cluster_64_huc_041300030205_patch_346.tif",64,"41300030205",346,"invalid","","AJS","2026-02-13 13:26:02"
"cluster_64_huc_041300030205_patch_347.tif",64,"41300030205",347,"invalid","","AJS","2026-02-13 13:26:07"
"cluster_64_huc_041300030205_patch_348.tif",64,"41300030205",348,"invalid","","AJS","2026-02-13 13:26:09"
"cluster_64_huc_041300030205_patch_349.tif",64,"41300030205",349,"invalid","","AJS","2026-02-13 13:26:10"
"cluster_64_huc_041300030205_patch_350.tif",64,"41300030205",350,"invalid","","AJS","2026-02-13 13:26:12"
"cluster_64_huc_041300030205_patch_351.tif",64,"41300030205",351,"invalid","","AJS","2026-02-13 13:26:13"
"cluster_64_huc_041300030205_patch_352.tif",64,"41300030205",352,"invalid","","AJS","2026-02-13 13:26:15"
"cluster_64_huc_041300030205_patch_353.tif",64,"41300030205",353,"invalid","","AJS","2026-02-13 13:26:16"
"cluster_64_huc_041300030205_patch_354.tif",64,"41300030205",354,"invalid","","AJS","2026-02-13 13:26:17"
"cluster_64_huc_041300030205_patch_355.tif",64,"41300030205",355,"invalid","","AJS","2026-02-13 13:26:19"
"cluster_64_huc_041300030205_patch_356.tif",64,"41300030205",356,"invalid","","AJS","2026-02-13 13:26:21"
"cluster_64_huc_041300030205_patch_357.tif",64,"41300030205",357,"invalid","","AJS","2026-02-13 13:26:22"
"cluster_64_huc_041300030205_patch_358.tif",64,"41300030205",358,"invalid","","AJS","2026-02-13 13:26:23"
"cluster_64_huc_041300030205_patch_359.tif",64,"41300030205",359,"valid","","AJS","2026-02-13 13:26:25"
"cluster_64_huc_041300030205_patch_360.tif",64,"41300030205",360,"invalid","","AJS","2026-02-13 13:26:26"
"cluster_64_huc_041300030205_patch_361.tif",64,"41300030205",361,"uncertain","","AJS","2026-02-13 13:26:30"
"cluster_64_huc_041300030205_patch_362.tif",64,"41300030205",362,"uncertain","","AJS","2026-02-13 13:26:31"
"cluster_64_huc_041300030205_patch_363.tif",64,"41300030205",363,"invalid","","AJS","2026-02-13 13:26:32"
"cluster_64_huc_041300030205_patch_364.tif",64,"41300030205",364,"invalid","","AJS","2026-02-13 13:26:33"
"cluster_64_huc_041300030205_patch_365.tif",64,"41300030205",365,"uncertain","","AJS","2026-02-13 13:26:35"
"cluster_64_huc_041300030205_patch_366.tif",64,"41300030205",366,"uncertain","","AJS","2026-02-13 13:26:37"
"cluster_64_huc_041300030205_patch_367.tif",64,"41300030205",367,"valid","","AJS","2026-02-13 13:26:41"
"cluster_64_huc_041300030205_patch_368.tif",64,"41300030205",368,"invalid","","AJS","2026-02-13 13:26:43"
"cluster_64_huc_041300030205_patch_369.tif",64,"41300030205",369,"invalid","","AJS","2026-02-13 13:26:44"
"cluster_64_huc_041300030205_patch_370.tif",64,"41300030205",370,"invalid","","AJS","2026-02-13 13:26:45"
"cluster_64_huc_041300030205_patch_371.tif",64,"41300030205",371,"invalid","","AJS","2026-02-13 13:26:46"
"cluster_64_huc_041300030205_patch_372.tif",64,"41300030205",372,"uncertain","","AJS","2026-02-13 13:26:48"
"cluster_64_huc_041300030205_patch_373.tif",64,"41300030205",373,"uncertain","","AJS","2026-02-13 13:26:50"
"cluster_64_huc_041300030205_patch_374.tif",64,"41300030205",374,"uncertain","","AJS","2026-02-13 13:26:51"
"cluster_64_huc_041300030205_patch_375.tif",64,"41300030205",375,"invalid","","AJS","2026-02-13 13:26:54"
"cluster_64_huc_041300030205_patch_376.tif",64,"41300030205",376,"invalid","","AJS","2026-02-13 13:26:56"
"cluster_64_huc_041300030205_patch_377.tif",64,"41300030205",377,"invalid","","AJS","2026-02-13 13:27:03"
"cluster_64_huc_041300030205_patch_378.tif",64,"41300030205",378,"invalid","","AJS","2026-02-13 13:27:04"
"cluster_64_huc_041300030205_patch_379.tif",64,"41300030205",379,"valid","","AJS","2026-02-13 13:27:09"
"cluster_64_huc_041300030205_patch_380.tif",64,"41300030205",380,"invalid","","AJS","2026-02-13 13:27:11"
"cluster_64_huc_041300030205_patch_381.tif",64,"41300030205",381,"invalid","","AJS","2026-02-13 13:27:12"
"cluster_64_huc_041300030205_patch_382.tif",64,"41300030205",382,"invalid","","AJS","2026-02-13 13:27:14"
"cluster_64_huc_041300030205_patch_383.tif",64,"41300030205",383,"invalid","","AJS","2026-02-13 13:27:15"
"cluster_64_huc_041300030205_patch_384.tif",64,"41300030205",384,"invalid","","AJS","2026-02-13 13:27:16"
"cluster_64_huc_041300030205_patch_385.tif",64,"41300030205",385,"invalid","","AJS","2026-02-13 13:27:17"
"cluster_64_huc_041300030205_patch_386.tif",64,"41300030205",386,"invalid","","AJS","2026-02-13 13:27:19"
"cluster_64_huc_041300030205_patch_387.tif",64,"41300030205",387,"invalid","","AJS","2026-02-13 13:27:22"
"cluster_64_huc_041300030205_patch_388.tif",64,"41300030205",388,"uncertain","","AJS","2026-02-13 13:27:24"
"cluster_64_huc_041300030205_patch_389.tif",64,"41300030205",389,"valid","","AJS","2026-02-13 13:27:29"
"cluster_64_huc_041300030205_patch_390.tif",64,"41300030205",390,"invalid","","AJS","2026-02-13 13:27:31"
"cluster_64_huc_041300030205_patch_391.tif",64,"41300030205",391,"invalid","","AJS","2026-02-13 13:27:32"
"cluster_64_huc_041300030205_patch_392.tif",64,"41300030205",392,"invalid","","AJS","2026-02-13 13:27:33"
"cluster_64_huc_041300030205_patch_393.tif",64,"41300030205",393,"uncertain","","AJS","2026-02-13 13:27:37"
"cluster_64_huc_041300030205_patch_394.tif",64,"41300030205",394,"uncertain","","AJS","2026-02-13 13:27:39"
"cluster_64_huc_041300030205_patch_395.tif",64,"41300030205",395,"uncertain","","AJS","2026-02-13 13:27:40"
"cluster_64_huc_041300030205_patch_396.tif",64,"41300030205",396,"invalid","","AJS","2026-02-13 13:27:43"
"cluster_64_huc_041300030205_patch_397.tif",64,"41300030205",397,"invalid","","AJS","2026-02-13 13:27:44"
"cluster_64_huc_041300030205_patch_398.tif",64,"41300030205",398,"invalid","","AJS","2026-02-13 13:27:50"
"cluster_64_huc_041300030205_patch_399.tif",64,"41300030205",399,"invalid","","AJS","2026-02-13 13:27:51"
"cluster_64_huc_041300030205_patch_400.tif",64,"41300030205",400,"uncertain","","AJS","2026-02-13 13:27:54"
"cluster_64_huc_041300030205_patch_401.tif",64,"41300030205",401,"invalid","","AJS","2026-02-13 13:27:55"
"cluster_64_huc_041300030205_patch_402.tif",64,"41300030205",402,"invalid","","AJS","2026-02-13 13:27:57"
"cluster_64_huc_041300030205_patch_403.tif",64,"41300030205",403,"uncertain","","AJS","2026-02-13 13:27:59"
"cluster_64_huc_041300030205_patch_404.tif",64,"41300030205",404,"invalid","","AJS","2026-02-13 13:28:00"
"cluster_64_huc_041300030205_patch_405.tif",64,"41300030205",405,"invalid","","AJS","2026-02-13 13:28:04"
"cluster_64_huc_041300030205_patch_406.tif",64,"41300030205",406,"invalid","","AJS","2026-02-13 13:28:06"
"cluster_64_huc_041300030205_patch_407.tif",64,"41300030205",407,"invalid","","AJS","2026-02-13 13:28:08"
"cluster_64_huc_041300030205_patch_408.tif",64,"41300030205",408,"invalid","","AJS","2026-02-13 13:28:09"
"cluster_64_huc_041300030205_patch_409.tif",64,"41300030205",409,"invalid","","AJS","2026-02-13 13:28:10"
"cluster_64_huc_041300030205_patch_410.tif",64,"41300030205",410,"valid","","AJS","2026-02-13 13:28:12"
"cluster_64_huc_041300030205_patch_411.tif",64,"41300030205",411,"invalid","","AJS","2026-02-13 13:28:18"
"cluster_64_huc_041300030205_patch_412.tif",64,"41300030205",412,"valid","","AJS","2026-02-13 13:28:21"
"cluster_64_huc_041300030205_patch_413.tif",64,"41300030205",413,"invalid","","AJS","2026-02-13 13:28:29"
"cluster_64_huc_041300030205_patch_414.tif",64,"41300030205",414,"valid","","AJS","2026-02-13 13:28:30"
"cluster_64_huc_041300030205_patch_415.tif",64,"41300030205",415,"valid","","AJS","2026-02-13 13:28:31"
"cluster_64_huc_041300030205_patch_416.tif",64,"41300030205",416,"valid","","AJS","2026-02-13 13:28:32"
"cluster_64_huc_041300030205_patch_417.tif",64,"41300030205",417,"valid","","AJS","2026-02-13 13:28:35"
"cluster_64_huc_041300030205_patch_418.tif",64,"41300030205",418,"valid","","AJS","2026-02-13 13:28:36"
"cluster_64_huc_041300030205_patch_419.tif",64,"41300030205",419,"invalid","","AJS","2026-02-13 13:28:38"
"cluster_64_huc_041300030205_patch_420.tif",64,"41300030205",420,"valid","","AJS","2026-02-13 13:28:43"
"cluster_64_huc_041300030205_patch_421.tif",64,"41300030205",421,"invalid","","AJS","2026-02-13 13:28:46"
"cluster_64_huc_041300030205_patch_422.tif",64,"41300030205",422,"invalid","","AJS","2026-02-13 13:28:47"
"cluster_64_huc_041300030205_patch_423.tif",64,"41300030205",423,"uncertain","","AJS","2026-02-13 13:28:50"
"cluster_64_huc_041300030205_patch_424.tif",64,"41300030205",424,"valid","","AJS","2026-02-13 13:28:52"
"cluster_64_huc_041300030205_patch_425.tif",64,"41300030205",425,"invalid","","AJS","2026-02-13 13:28:57"
"cluster_64_huc_041300030205_patch_426.tif",64,"41300030205",426,"invalid","","AJS","2026-02-13 13:28:59"
"cluster_64_huc_041300030205_patch_427.tif",64,"41300030205",427,"uncertain","","AJS","2026-02-13 13:29:01"
"cluster_64_huc_041300030205_patch_428.tif",64,"41300030205",428,"invalid","","AJS","2026-02-13 13:29:03"
"cluster_64_huc_041300030205_patch_429.tif",64,"41300030205",429,"valid","","AJS","2026-02-13 13:29:05"
"cluster_64_huc_041300030205_patch_430.tif",64,"41300030205",430,"invalid","","AJS","2026-02-13 13:29:10"
"cluster_64_huc_041300030205_patch_431.tif",64,"41300030205",431,"invalid","","AJS","2026-02-13 13:29:12"
"cluster_64_huc_041300030205_patch_432.tif",64,"41300030205",432,"valid","","AJS","2026-02-13 13:29:14"
"cluster_64_huc_041300030205_patch_433.tif",64,"41300030205",433,"valid","","AJS","2026-02-13 13:29:15"
"cluster_64_huc_041300030205_patch_434.tif",64,"41300030205",434,"invalid","","AJS","2026-02-13 13:29:18"
"cluster_64_huc_041300030205_patch_435.tif",64,"41300030205",435,"valid","","AJS","2026-02-13 13:29:20"
"cluster_64_huc_041300030205_patch_436.tif",64,"41300030205",436,"valid","","AJS","2026-02-13 13:29:21"
"cluster_64_huc_041300030205_patch_437.tif",64,"41300030205",437,"uncertain","","AJS","2026-02-13 13:29:27"
"cluster_64_huc_041300030205_patch_438.tif",64,"41300030205",438,"invalid","","AJS","2026-02-13 13:29:29"
"cluster_64_huc_041300030205_patch_439.tif",64,"41300030205",439,"valid","","AJS","2026-02-13 13:29:32"
"cluster_64_huc_041300030205_patch_440.tif",64,"41300030205",440,"valid","","AJS","2026-02-13 13:29:33"
"cluster_64_huc_041300030205_patch_441.tif",64,"41300030205",441,"valid","","AJS","2026-02-13 13:29:36"
"cluster_64_huc_041300030205_patch_442.tif",64,"41300030205",442,"valid","","AJS","2026-02-13 13:29:37"
"cluster_64_huc_041300030205_patch_443.tif",64,"41300030205",443,"invalid","","AJS","2026-02-13 13:29:39"
"cluster_64_huc_041300030205_patch_444.tif",64,"41300030205",444,"invalid","","AJS","2026-02-13 13:29:41"
"cluster_64_huc_041300030205_patch_445.tif",64,"41300030205",445,"valid","","AJS","2026-02-13 13:29:43"
"cluster_64_huc_041300030205_patch_446.tif",64,"41300030205",446,"invalid","","AJS","2026-02-13 13:29:45"
"cluster_64_huc_041300030205_patch_447.tif",64,"41300030205",447,"valid","","AJS","2026-02-13 13:29:47"
"cluster_64_huc_041300030205_patch_448.tif",64,"41300030205",448,"valid","","AJS","2026-02-13 13:29:49"
"cluster_64_huc_041300030205_patch_449.tif",64,"41300030205",449,"uncertain","","AJS","2026-02-13 13:29:51"
"cluster_64_huc_041300030205_patch_450.tif",64,"41300030205",450,"invalid","","AJS","2026-02-13 13:29:57"
"cluster_64_huc_041300030205_patch_451.tif",64,"41300030205",451,"valid","","AJS","2026-02-13 13:30:01"
"cluster_64_huc_041300030205_patch_452.tif",64,"41300030205",452,"valid","","AJS","2026-02-13 13:30:03"
"cluster_64_huc_041300030205_patch_453.tif",64,"41300030205",453,"invalid","","AJS","2026-02-13 13:30:06"
"cluster_64_huc_041300030205_patch_454.tif",64,"41300030205",454,"valid","","AJS","2026-02-13 13:30:09"
"cluster_64_huc_041300030205_patch_455.tif",64,"41300030205",455,"valid","","AJS","2026-02-13 13:30:10"
"cluster_64_huc_041300030205_patch_456.tif",64,"41300030205",456,"invalid","","AJS","2026-02-13 13:30:12"
"cluster_64_huc_041300030205_patch_457.tif",64,"41300030205",457,"uncertain","","AJS","2026-02-13 13:30:14"
"cluster_64_huc_041300030205_patch_458.tif",64,"41300030205",458,"valid","","AJS","2026-02-13 13:30:17"
"cluster_64_huc_041300030205_patch_459.tif",64,"41300030205",459,"valid","","AJS","2026-02-13 13:30:18"
"cluster_64_huc_041300030205_patch_460.tif",64,"41300030205",460,"invalid","","AJS","2026-02-13 13:30:21"
"cluster_64_huc_041300030205_patch_461.tif",64,"41300030205",461,"uncertain","","AJS","2026-02-13 13:30:25"
"cluster_64_huc_041300030205_patch_462.tif",64,"41300030205",462,"valid","","AJS","2026-02-13 13:30:27"
"cluster_64_huc_041300030205_patch_463.tif",64,"41300030205",463,"invalid","","AJS","2026-02-13 13:30:31"
"cluster_64_huc_041300030205_patch_464.tif",64,"41300030205",464,"valid","","AJS","2026-02-13 13:30:33"
"cluster_64_huc_041300030205_patch_465.tif",64,"41300030205",465,"valid","","AJS","2026-02-13 13:30:34"
"cluster_64_huc_041300030205_patch_466.tif",64,"41300030205",466,"valid","","AJS","2026-02-13 13:30:36"
"cluster_64_huc_041402010201_patch_1.tif",64,"41402010201",1,"uncertain","","AJS","2026-02-13 13:38:43"
"cluster_64_huc_041402010201_patch_2.tif",64,"41402010201",2,"invalid","","AJS","2026-02-13 13:38:46"
"cluster_64_huc_041402010201_patch_3.tif",64,"41402010201",3,"invalid","","AJS","2026-02-13 13:30:47"
"cluster_64_huc_041402010201_patch_4.tif",64,"41402010201",4,"invalid","","AJS","2026-02-13 13:30:54"
"cluster_64_huc_041402010201_patch_5.tif",64,"41402010201",5,"invalid","","AJS","2026-02-13 13:30:56"
"cluster_64_huc_041402010201_patch_6.tif",64,"41402010201",6,"invalid","","AJS","2026-02-13 13:30:58"
"cluster_64_huc_041402010201_patch_7.tif",64,"41402010201",7,"invalid","","AJS","2026-02-13 13:31:03"
"cluster_64_huc_041402010201_patch_8.tif",64,"41402010201",8,"uncertain","","AJS","2026-02-13 13:31:05"
"cluster_64_huc_041402010201_patch_9.tif",64,"41402010201",9,"valid","","AJS","2026-02-13 13:31:09"
"cluster_64_huc_041402010201_patch_10.tif",64,"41402010201",10,"valid","","AJS","2026-02-13 13:31:11"
"cluster_64_huc_041402010201_patch_11.tif",64,"41402010201",11,"invalid","","AJS","2026-02-13 13:31:14"
"cluster_64_huc_041402010201_patch_12.tif",64,"41402010201",12,"uncertain","","AJS","2026-02-13 13:31:19"
"cluster_64_huc_041402010201_patch_13.tif",64,"41402010201",13,"invalid","","AJS","2026-02-13 13:31:20"
"cluster_64_huc_041402010201_patch_14.tif",64,"41402010201",14,"invalid","","AJS","2026-02-13 13:31:23"
"cluster_64_huc_041402010201_patch_15.tif",64,"41402010201",15,"uncertain","","AJS","2026-02-13 13:31:27"
"cluster_64_huc_041402010201_patch_16.tif",64,"41402010201",16,"uncertain","","AJS","2026-02-13 13:31:34"
"cluster_64_huc_041402010201_patch_17.tif",64,"41402010201",17,"uncertain","","AJS","2026-02-13 13:31:39"
"cluster_64_huc_041402010201_patch_18.tif",64,"41402010201",18,"uncertain","","AJS","2026-02-13 13:31:44"
"cluster_64_huc_041402010201_patch_19.tif",64,"41402010201",19,"invalid","","AJS","2026-02-13 13:31:49"
"cluster_64_huc_041402010201_patch_20.tif",64,"41402010201",20,"invalid","","AJS","2026-02-13 13:31:50"
"cluster_64_huc_041402010201_patch_21.tif",64,"41402010201",21,"uncertain","","AJS","2026-02-13 13:31:54"
"cluster_64_huc_041402010201_patch_22.tif",64,"41402010201",22,"valid","","AJS","2026-02-13 13:31:58"
"cluster_64_huc_041402010201_patch_23.tif",64,"41402010201",23,"valid","","AJS","2026-02-13 13:32:00"
"cluster_64_huc_041402010201_patch_24.tif",64,"41402010201",24,"invalid","","AJS","2026-02-13 13:32:03"
"cluster_64_huc_041402010201_patch_25.tif",64,"41402010201",25,"valid","","AJS","2026-02-13 13:32:06"
"cluster_64_huc_041402010201_patch_26.tif",64,"41402010201",26,"uncertain","","AJS","2026-02-13 13:32:12"
"cluster_64_huc_041402010201_patch_27.tif",64,"41402010201",27,"valid","","AJS","2026-02-13 13:32:23"
"cluster_64_huc_041402010201_patch_28.tif",64,"41402010201",28,"valid","","AJS","2026-02-13 13:32:27"
"cluster_64_huc_041402010201_patch_29.tif",64,"41402010201",29,"valid","","AJS","2026-02-13 13:32:38"
"cluster_64_huc_041402010201_patch_30.tif",64,"41402010201",30,"uncertain","","AJS","2026-02-13 13:32:43"
"cluster_64_huc_041402010201_patch_31.tif",64,"41402010201",31,"valid","","AJS","2026-02-13 13:32:48"
"cluster_64_huc_041402010201_patch_32.tif",64,"41402010201",32,"uncertain","","AJS","2026-02-13 13:32:53"
"cluster_64_huc_041402010201_patch_33.tif",64,"41402010201",33,"uncertain","","AJS","2026-02-13 13:33:00"
"cluster_64_huc_041402010201_patch_34.tif",64,"41402010201",34,"valid","","AJS","2026-02-13 13:33:04"
"cluster_64_huc_041402010201_patch_35.tif",64,"41402010201",35,"valid","","AJS","2026-02-13 13:33:05"
"cluster_64_huc_041402010201_patch_36.tif",64,"41402010201",36,"invalid","","AJS","2026-02-13 13:33:07"
"cluster_64_huc_041402010201_patch_37.tif",64,"41402010201",37,"invalid","","AJS","2026-02-13 13:33:12"
"cluster_64_huc_041402010201_patch_38.tif",64,"41402010201",38,"invalid","","AJS","2026-02-13 13:33:13"
"cluster_64_huc_041402010201_patch_39.tif",64,"41402010201",39,"invalid","","AJS","2026-02-13 13:33:15"
"cluster_64_huc_041402010201_patch_40.tif",64,"41402010201",40,"invalid","","AJS","2026-02-13 13:33:16"
"cluster_64_huc_041402010201_patch_41.tif",64,"41402010201",41,"invalid","","AJS","2026-02-13 13:33:17"
"cluster_64_huc_041402010201_patch_42.tif",64,"41402010201",42,"uncertain","","AJS","2026-02-13 13:33:19"
"cluster_64_huc_041402010201_patch_43.tif",64,"41402010201",43,"uncertain","","AJS","2026-02-13 13:33:24"
"cluster_64_huc_041402010201_patch_44.tif",64,"41402010201",44,"uncertain","","AJS","2026-02-13 13:33:26"
"cluster_64_huc_041402010201_patch_45.tif",64,"41402010201",45,"valid","","AJS","2026-02-13 13:33:32"
"cluster_64_huc_041402010201_patch_46.tif",64,"41402010201",46,"invalid","","AJS","2026-02-13 13:33:35"
"cluster_64_huc_041402010201_patch_47.tif",64,"41402010201",47,"uncertain","","AJS","2026-02-13 13:33:39"
"cluster_64_huc_041402010201_patch_48.tif",64,"41402010201",48,"invalid","","AJS","2026-02-13 13:33:42"
"cluster_64_huc_041402010201_patch_49.tif",64,"41402010201",49,"uncertain","","AJS","2026-02-13 13:33:45"
"cluster_64_huc_041402010201_patch_50.tif",64,"41402010201",50,"uncertain","","AJS","2026-02-13 13:33:48"
"cluster_64_huc_041402010201_patch_51.tif",64,"41402010201",51,"uncertain","","AJS","2026-02-13 13:33:55"
"cluster_64_huc_041402010201_patch_52.tif",64,"41402010201",52,"valid","","AJS","2026-02-13 13:33:59"
"cluster_64_huc_041402010201_patch_53.tif",64,"41402010201",53,"uncertain","","AJS","2026-02-13 13:34:02"
"cluster_64_huc_041402010201_patch_54.tif",64,"41402010201",54,"uncertain","","AJS","2026-02-13 13:34:05"
"cluster_64_huc_041402010201_patch_55.tif",64,"41402010201",55,"uncertain","","AJS","2026-02-13 13:34:07"
"cluster_64_huc_041402010201_patch_56.tif",64,"41402010201",56,"uncertain","","AJS","2026-02-13 13:34:11"
"cluster_64_huc_041402010201_patch_57.tif",64,"41402010201",57,"invalid","","AJS","2026-02-13 13:34:13"
"cluster_64_huc_041402010201_patch_58.tif",64,"41402010201",58,"uncertain","","AJS","2026-02-13 13:34:16"
"cluster_64_huc_041402010201_patch_59.tif",64,"41402010201",59,"invalid","","AJS","2026-02-13 13:34:18"
"cluster_64_huc_041402010201_patch_60.tif",64,"41402010201",60,"invalid","","AJS","2026-02-13 13:34:22"
"cluster_64_huc_041402010201_patch_61.tif",64,"41402010201",61,"invalid","","AJS","2026-02-13 13:34:23"
"cluster_64_huc_041402010201_patch_62.tif",64,"41402010201",62,"uncertain","","AJS","2026-02-13 13:34:25"
"cluster_64_huc_041402010201_patch_63.tif",64,"41402010201",63,"uncertain","","AJS","2026-02-13 13:34:30"
"cluster_64_huc_041402010201_patch_64.tif",64,"41402010201",64,"invalid","","AJS","2026-02-13 13:34:32"
"cluster_64_huc_041402010201_patch_65.tif",64,"41402010201",65,"uncertain","","AJS","2026-02-13 13:34:36"
"cluster_64_huc_041402010201_patch_66.tif",64,"41402010201",66,"invalid","","AJS","2026-02-13 13:34:39"
"cluster_64_huc_041402010201_patch_67.tif",64,"41402010201",67,"invalid","","AJS","2026-02-13 13:34:41"
"cluster_64_huc_041402010201_patch_68.tif",64,"41402010201",68,"invalid","","AJS","2026-02-13 13:34:42"
"cluster_64_huc_041402010201_patch_69.tif",64,"41402010201",69,"invalid","","AJS","2026-02-13 13:34:46"
"cluster_64_huc_041402010201_patch_70.tif",64,"41402010201",70,"invalid","","AJS","2026-02-13 13:34:48"
"cluster_64_huc_041402010201_patch_71.tif",64,"41402010201",71,"valid","","AJS","2026-02-13 13:34:52"
"cluster_64_huc_041402010201_patch_72.tif",64,"41402010201",72,"uncertain","","AJS","2026-02-13 13:34:54"
"cluster_64_huc_041402010201_patch_73.tif",64,"41402010201",73,"invalid","","AJS","2026-02-13 13:34:56"
"cluster_64_huc_041402010201_patch_74.tif",64,"41402010201",74,"invalid","","AJS","2026-02-13 13:34:59"
"cluster_64_huc_041402010201_patch_75.tif",64,"41402010201",75,"valid","","AJS","2026-02-13 13:35:03"
"cluster_64_huc_041402010201_patch_76.tif",64,"41402010201",76,"uncertain","","AJS","2026-02-13 13:35:07"
"cluster_64_huc_041402010201_patch_77.tif",64,"41402010201",77,"valid","","AJS","2026-02-13 13:35:13"
"cluster_64_huc_041402010201_patch_78.tif",64,"41402010201",78,"valid","","AJS","2026-02-13 13:35:15"
"cluster_64_huc_041402010201_patch_79.tif",64,"41402010201",79,"uncertain","","AJS","2026-02-13 13:35:18"
"cluster_64_huc_041402010201_patch_80.tif",64,"41402010201",80,"invalid","","AJS","2026-02-13 13:35:20"
"cluster_64_huc_041402010201_patch_81.tif",64,"41402010201",81,"uncertain","","AJS","2026-02-13 13:35:23"
"cluster_64_huc_041402010201_patch_82.tif",64,"41402010201",82,"valid","","AJS","2026-02-13 13:35:26"
"cluster_64_huc_041402010201_patch_83.tif",64,"41402010201",83,"valid","","AJS","2026-02-13 13:35:30"
"cluster_64_huc_041402010201_patch_84.tif",64,"41402010201",84,"invalid","","AJS","2026-02-13 13:35:32"
"cluster_64_huc_041402010201_patch_85.tif",64,"41402010201",85,"invalid","","AJS","2026-02-13 13:35:36"
"cluster_64_huc_041402010201_patch_86.tif",64,"41402010201",86,"uncertain","","AJS","2026-02-13 13:35:39"
"cluster_64_huc_041402010201_patch_87.tif",64,"41402010201",87,"invalid","","AJS","2026-02-13 13:35:41"
"cluster_64_huc_041402010201_patch_88.tif",64,"41402010201",88,"uncertain","","AJS","2026-02-13 13:35:46"
"cluster_64_huc_041402010201_patch_89.tif",64,"41402010201",89,"invalid","","AJS","2026-02-13 13:35:52"
"cluster_64_huc_041402010201_patch_90.tif",64,"41402010201",90,"invalid","","AJS","2026-02-13 13:35:54"
"cluster_64_huc_041402010201_patch_91.tif",64,"41402010201",91,"invalid","","AJS","2026-02-13 13:35:57"
"cluster_64_huc_041402010201_patch_92.tif",64,"41402010201",92,"valid","","AJS","2026-02-13 13:36:00"
"cluster_64_huc_041402010201_patch_93.tif",64,"41402010201",93,"valid","","AJS","2026-02-13 13:36:01"
"cluster_64_huc_041402010201_patch_94.tif",64,"41402010201",94,"invalid","","AJS","2026-02-13 13:36:04"
"cluster_64_huc_041402010201_patch_95.tif",64,"41402010201",95,"invalid","","AJS","2026-02-13 13:36:05"
"cluster_64_huc_041402010201_patch_96.tif",64,"41402010201",96,"uncertain","","AJS","2026-02-13 13:36:10"
"cluster_64_huc_041402010201_patch_97.tif",64,"41402010201",97,"invalid","","AJS","2026-02-13 13:36:12"
"cluster_64_huc_041402010201_patch_98.tif",64,"41402010201",98,"invalid","","AJS","2026-02-13 13:36:14"
"cluster_64_huc_041402010201_patch_99.tif",64,"41402010201",99,"invalid","","AJS","2026-02-13 13:36:17"
"cluster_64_huc_041402010201_patch_100.tif",64,"41402010201",100,"uncertain","","AJS","2026-02-13 13:36:21"
"cluster_64_huc_041402010201_patch_101.tif",64,"41402010201",101,"invalid","","AJS","2026-02-13 13:36:30"
"cluster_64_huc_041402010201_patch_102.tif",64,"41402010201",102,"uncertain","","AJS","2026-02-13 13:36:35"
"cluster_64_huc_041402010201_patch_103.tif",64,"41402010201",103,"invalid","","AJS","2026-02-13 13:36:37"
"cluster_64_huc_041402010201_patch_104.tif",64,"41402010201",104,"invalid","","AJS","2026-02-13 13:36:39"
"cluster_64_huc_041402010201_patch_105.tif",64,"41402010201",105,"invalid","","AJS","2026-02-13 13:36:41"
"cluster_64_huc_041402010201_patch_106.tif",64,"41402010201",106,"uncertain","","AJS","2026-02-13 13:36:43"
"cluster_64_huc_041402010201_patch_107.tif",64,"41402010201",107,"invalid","","AJS","2026-02-13 13:36:48"
"cluster_64_huc_041402010201_patch_108.tif",64,"41402010201",108,"valid","","AJS","2026-02-13 13:36:52"
"cluster_64_huc_041402010201_patch_109.tif",64,"41402010201",109,"invalid","","AJS","2026-02-13 13:36:54"
"cluster_64_huc_041402010201_patch_110.tif",64,"41402010201",110,"invalid","","AJS","2026-02-13 13:37:01"
"cluster_64_huc_041402010201_patch_111.tif",64,"41402010201",111,"invalid","","AJS","2026-02-13 13:37:05"
"cluster_64_huc_041402010201_patch_112.tif",64,"41402010201",112,"uncertain","","AJS","2026-02-13 13:37:08"
"cluster_64_huc_041402010201_patch_113.tif",64,"41402010201",113,"uncertain","","AJS","2026-02-13 13:37:10"
"cluster_64_huc_041402010201_patch_114.tif",64,"41402010201",114,"uncertain","","AJS","2026-02-13 13:37:13"
"cluster_64_huc_041402010201_patch_115.tif",64,"41402010201",115,"uncertain","","AJS","2026-02-13 13:37:15"
"cluster_64_huc_041402010201_patch_116.tif",64,"41402010201",116,"uncertain","","AJS","2026-02-13 13:37:20"
"cluster_64_huc_041402010201_patch_117.tif",64,"41402010201",117,"invalid","","AJS","2026-02-13 13:37:22"
"cluster_64_huc_041402010201_patch_118.tif",64,"41402010201",118,"uncertain","","AJS","2026-02-13 13:37:25"
"cluster_64_huc_041402010201_patch_119.tif",64,"41402010201",119,"invalid","","AJS","2026-02-13 13:37:27"
"cluster_64_huc_041402010201_patch_120.tif",64,"41402010201",120,"uncertain","","AJS","2026-02-13 13:37:29"
"cluster_64_huc_041402010201_patch_121.tif",64,"41402010201",121,"uncertain","","AJS","2026-02-13 13:37:31"
"cluster_64_huc_041402010201_patch_122.tif",64,"41402010201",122,"invalid","","AJS","2026-02-13 13:37:34"
"cluster_64_huc_041402010201_patch_123.tif",64,"41402010201",123,"invalid","","AJS","2026-02-13 13:37:36"
"cluster_64_huc_041402010201_patch_124.tif",64,"41402010201",124,"invalid","","AJS","2026-02-13 13:37:39"
"cluster_64_huc_041402010201_patch_125.tif",64,"41402010201",125,"uncertain","","AJS","2026-02-13 13:37:43"
"cluster_64_huc_041402010201_patch_126.tif",64,"41402010201",126,"valid","","AJS","2026-02-13 13:38:53"
"cluster_64_huc_041402010201_patch_127.tif",64,"41402010201",127,"invalid","","AJS","2026-02-13 13:38:55"
"cluster_64_huc_041402010201_patch_128.tif",64,"41402010201",128,"uncertain","","AJS","2026-02-13 13:38:59"
"cluster_64_huc_041402010201_patch_129.tif",64,"41402010201",129,"uncertain","","AJS","2026-02-13 13:39:02"
"cluster_64_huc_041402010201_patch_130.tif",64,"41402010201",130,"invalid","","AJS","2026-02-13 13:39:06"
"cluster_64_huc_041402010201_patch_131.tif",64,"41402010201",131,"invalid","","AJS","2026-02-13 13:39:08"
"cluster_64_huc_041402010201_patch_132.tif",64,"41402010201",132,"invalid","","AJS","2026-02-13 13:39:10"
"cluster_64_huc_041402010201_patch_133.tif",64,"41402010201",133,"uncertain","","AJS","2026-02-13 13:39:11"
"cluster_64_huc_041402010201_patch_134.tif",64,"41402010201",134,"uncertain","","AJS","2026-02-13 13:39:16"
"cluster_64_huc_041402010201_patch_135.tif",64,"41402010201",135,"uncertain","","AJS","2026-02-13 13:39:19"
"cluster_64_huc_041402010201_patch_136.tif",64,"41402010201",136,"uncertain","","AJS","2026-02-13 13:39:20"
"cluster_64_huc_041402010201_patch_137.tif",64,"41402010201",137,"invalid","","AJS","2026-02-13 13:39:23"
"cluster_64_huc_041402010201_patch_138.tif",64,"41402010201",138,"uncertain","","AJS","2026-02-13 13:39:25"
"cluster_64_huc_041402010201_patch_139.tif",64,"41402010201",139,"uncertain","","AJS","2026-02-13 13:39:27"
"cluster_64_huc_041402010201_patch_140.tif",64,"41402010201",140,"uncertain","","AJS","2026-02-13 13:39:30"
"cluster_64_huc_041402010201_patch_141.tif",64,"41402010201",141,"uncertain","","AJS","2026-02-13 13:39:32"
"cluster_64_huc_041402010201_patch_142.tif",64,"41402010201",142,"invalid","","AJS","2026-02-13 13:39:35"
"cluster_64_huc_041402010201_patch_143.tif",64,"41402010201",143,"invalid","","AJS","2026-02-13 13:39:36"
"cluster_64_huc_041402010201_patch_144.tif",64,"41402010201",144,"invalid","","AJS","2026-02-13 13:39:39"
"cluster_64_huc_041402010201_patch_145.tif",64,"41402010201",145,"invalid","","AJS","2026-02-13 13:39:41"
"cluster_64_huc_041402010201_patch_146.tif",64,"41402010201",146,"uncertain","","AJS","2026-02-13 13:39:44"
"cluster_64_huc_041402010201_patch_147.tif",64,"41402010201",147,"invalid","","AJS","2026-02-13 13:39:49"
"cluster_64_huc_041402010201_patch_148.tif",64,"41402010201",148,"invalid","","AJS","2026-02-13 13:39:50"
"cluster_64_huc_041402010201_patch_149.tif",64,"41402010201",149,"uncertain","","AJS","2026-02-13 13:39:54"
"cluster_64_huc_041402010201_patch_150.tif",64,"41402010201",150,"valid","","AJS","2026-02-13 13:39:57"
"cluster_64_huc_041402010201_patch_151.tif",64,"41402010201",151,"valid","","AJS","2026-02-13 13:39:59"
"cluster_64_huc_041402010201_patch_152.tif",64,"41402010201",152,"uncertain","","AJS","2026-02-13 13:40:04"
"cluster_64_huc_041402010201_patch_153.tif",64,"41402010201",153,"uncertain","","AJS","2026-02-13 13:40:08"
"cluster_64_huc_041402010201_patch_154.tif",64,"41402010201",154,"invalid","","AJS","2026-02-13 13:40:10"
"cluster_64_huc_041402010201_patch_155.tif",64,"41402010201",155,"invalid","","AJS","2026-02-13 13:40:12"
"cluster_64_huc_041402010201_patch_156.tif",64,"41402010201",156,"uncertain","","AJS","2026-02-13 13:40:14"
"cluster_64_huc_041402010201_patch_157.tif",64,"41402010201",157,"invalid","","AJS","2026-02-13 13:40:17"
"cluster_64_huc_041402010201_patch_158.tif",64,"41402010201",158,"invalid","","AJS","2026-02-13 13:40:19"
"cluster_64_huc_041402010201_patch_159.tif",64,"41402010201",159,"invalid","","AJS","2026-02-13 13:40:20"
"cluster_64_huc_041402010201_patch_160.tif",64,"41402010201",160,"invalid","","AJS","2026-02-13 13:40:23"
"cluster_64_huc_041402010201_patch_161.tif",64,"41402010201",161,"invalid","","AJS","2026-02-13 13:40:25"
"cluster_64_huc_041402010201_patch_162.tif",64,"41402010201",162,"invalid","","AJS","2026-02-13 13:40:26"
"cluster_64_huc_041402010201_patch_163.tif",64,"41402010201",163,"invalid","","AJS","2026-02-13 13:40:28"
"cluster_64_huc_041402010201_patch_164.tif",64,"41402010201",164,"invalid","","AJS","2026-02-13 13:40:29"
"cluster_64_huc_041402010201_patch_165.tif",64,"41402010201",165,"uncertain","","AJS","2026-02-13 13:40:32"
"cluster_64_huc_041402010201_patch_166.tif",64,"41402010201",166,"invalid","","AJS","2026-02-13 13:40:35"
"cluster_64_huc_041402010201_patch_167.tif",64,"41402010201",167,"invalid","","AJS","2026-02-13 13:40:36"
"cluster_64_huc_041402010201_patch_168.tif",64,"41402010201",168,"invalid","","AJS","2026-02-13 13:40:38"
"cluster_64_huc_041402010201_patch_169.tif",64,"41402010201",169,"uncertain","","AJS","2026-02-13 13:40:43"
"cluster_64_huc_041402010201_patch_170.tif",64,"41402010201",170,"invalid","","AJS","2026-02-13 13:40:44"
"cluster_64_huc_041402010201_patch_171.tif",64,"41402010201",171,"invalid","","AJS","2026-02-13 13:40:45"
"cluster_64_huc_041402010201_patch_172.tif",64,"41402010201",172,"uncertain","","AJS","2026-02-13 13:40:49"
"cluster_64_huc_041402010201_patch_173.tif",64,"41402010201",173,"invalid","","AJS","2026-02-13 13:40:51"
"cluster_64_huc_041402010201_patch_174.tif",64,"41402010201",174,"invalid","","AJS","2026-02-13 13:40:52"
"cluster_64_huc_041402010201_patch_175.tif",64,"41402010201",175,"valid","","AJS","2026-02-13 13:40:56"
"cluster_64_huc_041402010201_patch_176.tif",64,"41402010201",176,"uncertain","","AJS","2026-02-13 13:41:01"
"cluster_64_huc_041402010201_patch_177.tif",64,"41402010201",177,"invalid","","AJS","2026-02-13 13:41:06"
"cluster_64_huc_041402010201_patch_178.tif",64,"41402010201",178,"invalid","","AJS","2026-02-13 13:41:11"
"cluster_64_huc_041402010201_patch_179.tif",64,"41402010201",179,"invalid","","AJS","2026-02-13 13:41:13"
"cluster_64_huc_041402010201_patch_180.tif",64,"41402010201",180,"invalid","","AJS","2026-02-13 13:41:14"
"cluster_64_huc_041402010201_patch_181.tif",64,"41402010201",181,"invalid","","AJS","2026-02-13 13:41:20"
"cluster_64_huc_041402010201_patch_182.tif",64,"41402010201",182,"invalid","","AJS","2026-02-13 13:41:21"
"cluster_64_huc_041402010201_patch_183.tif",64,"41402010201",183,"invalid","","AJS","2026-02-13 13:41:22"
"cluster_64_huc_041402010201_patch_184.tif",64,"41402010201",184,"invalid","","AJS","2026-02-13 13:41:23"
"cluster_64_huc_041402010201_patch_185.tif",64,"41402010201",185,"invalid","","AJS","2026-02-13 13:41:24"
"cluster_64_huc_041402010201_patch_186.tif",64,"41402010201",186,"invalid","","AJS","2026-02-13 13:41:26"
"cluster_64_huc_041402010201_patch_187.tif",64,"41402010201",187,"uncertain","","AJS","2026-02-13 13:41:28"
"cluster_64_huc_041402010201_patch_188.tif",64,"41402010201",188,"uncertain","","AJS","2026-02-13 13:41:33"
"cluster_64_huc_041402010201_patch_189.tif",64,"41402010201",189,"invalid","","AJS","2026-02-13 13:41:35"
"cluster_64_huc_041402010201_patch_190.tif",64,"41402010201",190,"invalid","","AJS","2026-02-13 13:41:36"
"cluster_64_huc_041402010201_patch_191.tif",64,"41402010201",191,"uncertain","","AJS","2026-02-13 13:41:37"
"cluster_64_huc_041402010201_patch_192.tif",64,"41402010201",192,"uncertain","","AJS","2026-02-13 13:41:41"
"cluster_64_huc_041402010201_patch_193.tif",64,"41402010201",193,"invalid","","AJS","2026-02-13 13:41:42"
"cluster_64_huc_041402010201_patch_194.tif",64,"41402010201",194,"invalid","","AJS","2026-02-13 13:41:43"
"cluster_64_huc_041402010201_patch_195.tif",64,"41402010201",195,"invalid","","AJS","2026-02-13 13:41:45"
"cluster_64_huc_041402010201_patch_196.tif",64,"41402010201",196,"valid","","AJS","2026-02-13 13:41:47"
"cluster_64_huc_041402010201_patch_197.tif",64,"41402010201",197,"invalid","","AJS","2026-02-13 13:41:51"
"cluster_64_huc_041402010201_patch_198.tif",64,"41402010201",198,"invalid","","AJS","2026-02-13 13:41:52"
"cluster_64_huc_041402010201_patch_199.tif",64,"41402010201",199,"invalid","","AJS","2026-02-13 13:41:52"
"cluster_64_huc_041402010201_patch_200.tif",64,"41402010201",200,"invalid","","AJS","2026-02-13 13:41:56"
"cluster_64_huc_041402010201_patch_201.tif",64,"41402010201",201,"invalid","","AJS","2026-02-13 13:42:05"
"cluster_64_huc_041402010201_patch_202.tif",64,"41402010201",202,"invalid","","AJS","2026-02-13 13:42:09"
"cluster_64_huc_041402010201_patch_203.tif",64,"41402010201",203,"valid","","AJS","2026-02-13 13:42:11"
"cluster_64_huc_041402010201_patch_204.tif",64,"41402010201",204,"valid","","AJS","2026-02-13 13:42:12"
"cluster_64_huc_041402010201_patch_205.tif",64,"41402010201",205,"invalid","","AJS","2026-02-13 13:42:14"
"cluster_64_huc_041402010201_patch_206.tif",64,"41402010201",206,"invalid","","AJS","2026-02-13 13:42:15"
"cluster_64_huc_041402010201_patch_207.tif",64,"41402010201",207,"invalid","","AJS","2026-02-13 13:42:16"
"cluster_64_huc_041402010201_patch_208.tif",64,"41402010201",208,"uncertain","","AJS","2026-02-13 13:42:19"
"cluster_64_huc_041402010201_patch_209.tif",64,"41402010201",209,"uncertain","","AJS","2026-02-13 13:42:22"
"cluster_64_huc_041402010201_patch_210.tif",64,"41402010201",210,"invalid","","AJS","2026-02-13 13:42:24"
"cluster_64_huc_041402010201_patch_211.tif",64,"41402010201",211,"uncertain","","AJS","2026-02-13 13:42:27"
"cluster_64_huc_041402010201_patch_212.tif",64,"41402010201",212,"invalid","","AJS","2026-02-13 13:42:30"
"cluster_64_huc_041402010201_patch_213.tif",64,"41402010201",213,"invalid","","AJS","2026-02-13 13:42:31"
"cluster_64_huc_041402010201_patch_214.tif",64,"41402010201",214,"uncertain","","AJS","2026-02-13 13:42:32"
"cluster_64_huc_041402010201_patch_215.tif",64,"41402010201",215,"invalid","","AJS","2026-02-13 13:42:33"
"cluster_64_huc_041402010201_patch_216.tif",64,"41402010201",216,"invalid","","AJS","2026-02-13 13:42:34"
"cluster_64_huc_041402010201_patch_217.tif",64,"41402010201",217,"uncertain","","AJS","2026-02-13 13:42:37"
"cluster_64_huc_041402010201_patch_218.tif",64,"41402010201",218,"invalid","","AJS","2026-02-13 13:42:38"
"cluster_64_huc_041402010201_patch_219.tif",64,"41402010201",219,"invalid","","AJS","2026-02-13 13:42:39"
"cluster_64_huc_041402010201_patch_220.tif",64,"41402010201",220,"invalid","","AJS","2026-02-13 13:42:40"
"cluster_64_huc_041402010201_patch_221.tif",64,"41402010201",221,"invalid","","AJS","2026-02-13 13:42:43"
"cluster_64_huc_041402010201_patch_222.tif",64,"41402010201",222,"invalid","","AJS","2026-02-13 13:42:44"
"cluster_64_huc_041402010201_patch_223.tif",64,"41402010201",223,"invalid","","AJS","2026-02-13 13:42:45"
"cluster_64_huc_041402010201_patch_224.tif",64,"41402010201",224,"uncertain","","AJS","2026-02-13 13:42:46"
"cluster_64_huc_041402010201_patch_225.tif",64,"41402010201",225,"invalid","","AJS","2026-02-13 13:42:49"
"cluster_64_huc_041402010201_patch_226.tif",64,"41402010201",226,"invalid","","AJS","2026-02-13 13:42:49"
"cluster_64_huc_041402010201_patch_227.tif",64,"41402010201",227,"uncertain","","AJS","2026-02-13 13:42:52"
"cluster_64_huc_041402010201_patch_228.tif",64,"41402010201",228,"uncertain","","AJS","2026-02-13 13:42:57"
"cluster_64_huc_041402010201_patch_229.tif",64,"41402010201",229,"uncertain","","AJS","2026-02-13 13:42:59"
"cluster_64_huc_041402010201_patch_230.tif",64,"41402010201",230,"uncertain","","AJS","2026-02-13 13:43:01"
"cluster_64_huc_041402010201_patch_231.tif",64,"41402010201",231,"uncertain","","AJS","2026-02-13 13:43:03"
"cluster_64_huc_041402010201_patch_232.tif",64,"41402010201",232,"invalid","","AJS","2026-02-13 13:43:05"
"cluster_64_huc_041402010201_patch_233.tif",64,"41402010201",233,"invalid","","AJS","2026-02-13 13:43:06"
"cluster_64_huc_041402010201_patch_234.tif",64,"41402010201",234,"valid","","AJS","2026-02-13 13:43:08"
"cluster_64_huc_041402010201_patch_235.tif",64,"41402010201",235,"invalid","","AJS","2026-02-13 13:43:10"
"cluster_64_huc_041402010201_patch_236.tif",64,"41402010201",236,"invalid","","AJS","2026-02-13 13:43:11"
"cluster_64_huc_041402010201_patch_237.tif",64,"41402010201",237,"valid","","AJS","2026-02-13 13:43:13"
"cluster_64_huc_041402010201_patch_238.tif",64,"41402010201",238,"invalid","","AJS","2026-02-13 13:43:15"
"cluster_64_huc_041402010201_patch_239.tif",64,"41402010201",239,"uncertain","","AJS","2026-02-13 13:43:26"
"cluster_64_huc_041402010201_patch_240.tif",64,"41402010201",240,"invalid","","AJS","2026-02-13 13:43:27"
"cluster_64_huc_041402010201_patch_241.tif",64,"41402010201",241,"valid","","AJS","2026-02-13 13:43:32"
"cluster_64_huc_041402010201_patch_242.tif",64,"41402010201",242,"uncertain","","AJS","2026-02-13 13:43:34"
"cluster_64_huc_041402010201_patch_243.tif",64,"41402010201",243,"invalid","","AJS","2026-02-13 13:43:36"
"cluster_64_huc_041402010201_patch_244.tif",64,"41402010201",244,"uncertain","","AJS","2026-02-13 13:43:39"
"cluster_64_huc_041402010201_patch_245.tif",64,"41402010201",245,"valid","","AJS","2026-02-13 13:43:43"
"cluster_64_huc_041402010201_patch_246.tif",64,"41402010201",246,"invalid","","AJS","2026-02-13 13:43:45"
"cluster_64_huc_041402010201_patch_247.tif",64,"41402010201",247,"invalid","","AJS","2026-02-13 13:43:49"
"cluster_64_huc_041402010201_patch_248.tif",64,"41402010201",248,"invalid","","AJS","2026-02-13 13:43:50"
"cluster_64_huc_041402010201_patch_249.tif",64,"41402010201",249,"invalid","","AJS","2026-02-13 13:43:51"
"cluster_64_huc_041402010201_patch_250.tif",64,"41402010201",250,"uncertain","","AJS","2026-02-13 13:43:54"
"cluster_64_huc_041402010201_patch_251.tif",64,"41402010201",251,"uncertain","","AJS","2026-02-13 13:43:59"
"cluster_64_huc_041402010201_patch_252.tif",64,"41402010201",252,"invalid","","AJS","2026-02-13 13:44:00"
"cluster_64_huc_041402010201_patch_253.tif",64,"41402010201",253,"uncertain","","AJS","2026-02-13 13:44:02"
"cluster_64_huc_041402010201_patch_254.tif",64,"41402010201",254,"invalid","","AJS","2026-02-13 13:44:03"
"cluster_64_huc_041402010201_patch_255.tif",64,"41402010201",255,"invalid","","AJS","2026-02-13 13:44:07"
"cluster_64_huc_041402010201_patch_256.tif",64,"41402010201",256,"invalid","","AJS","2026-02-13 13:44:08"
"cluster_64_huc_041402010201_patch_257.tif",64,"41402010201",257,"uncertain","","AJS","2026-02-13 13:44:09"
"cluster_64_huc_041402010201_patch_258.tif",64,"41402010201",258,"uncertain","","AJS","2026-02-13 13:44:12"
"cluster_64_huc_041402010201_patch_259.tif",64,"41402010201",259,"invalid","","AJS","2026-02-13 13:44:13"
"cluster_64_huc_041402010201_patch_260.tif",64,"41402010201",260,"invalid","","AJS","2026-02-13 13:44:14"
"cluster_64_huc_041402010201_patch_261.tif",64,"41402010201",261,"invalid","","AJS","2026-02-13 13:44:16"
"cluster_64_huc_041402010201_patch_262.tif",64,"41402010201",262,"uncertain","","AJS","2026-02-13 13:44:22"
"cluster_64_huc_041402010201_patch_263.tif",64,"41402010201",263,"uncertain","","AJS","2026-02-13 13:44:27"
"cluster_64_huc_041402010201_patch_264.tif",64,"41402010201",264,"invalid","","AJS","2026-02-13 13:44:30"
"cluster_64_huc_041402010201_patch_265.tif",64,"41402010201",265,"invalid","","AJS","2026-02-13 13:44:32"
"cluster_64_huc_041402010201_patch_266.tif",64,"41402010201",266,"uncertain","","AJS","2026-02-13 13:44:36"
"cluster_64_huc_041402010201_patch_267.tif",64,"41402010201",267,"invalid","","AJS","2026-02-13 13:44:39"
"cluster_64_huc_041402010201_patch_268.tif",64,"41402010201",268,"invalid","","AJS","2026-02-13 13:44:40"
"cluster_64_huc_041402010201_patch_269.tif",64,"41402010201",269,"invalid","","AJS","2026-02-13 13:44:41"
"cluster_64_huc_041402010201_patch_270.tif",64,"41402010201",270,"invalid","","AJS","2026-02-13 13:44:45"
"cluster_64_huc_041402010201_patch_271.tif",64,"41402010201",271,"invalid","","AJS","2026-02-13 13:44:46"
"cluster_64_huc_041402010201_patch_272.tif",64,"41402010201",272,"invalid","","AJS","2026-02-13 13:44:51"
"cluster_64_huc_041402010201_patch_273.tif",64,"41402010201",273,"invalid","","AJS","2026-02-13 13:44:57"
"cluster_64_huc_041402010201_patch_274.tif",64,"41402010201",274,"invalid","","AJS","2026-02-13 13:44:58"
"cluster_64_huc_041402010201_patch_275.tif",64,"41402010201",275,"invalid","","AJS","2026-02-13 13:45:02"
"cluster_64_huc_041402010201_patch_276.tif",64,"41402010201",276,"uncertain","","AJS","2026-02-13 13:45:07"
"cluster_64_huc_041402010201_patch_277.tif",64,"41402010201",277,"uncertain","","AJS","2026-02-13 13:45:12"
"cluster_64_huc_041402010201_patch_278.tif",64,"41402010201",278,"uncertain","","AJS","2026-02-13 13:45:16"
"cluster_64_huc_041402010201_patch_279.tif",64,"41402010201",279,"uncertain","","AJS","2026-02-13 13:45:18"
"cluster_64_huc_041402010201_patch_280.tif",64,"41402010201",280,"invalid","","AJS","2026-02-13 13:45:19"
"cluster_64_huc_041402010201_patch_281.tif",64,"41402010201",281,"invalid","","AJS","2026-02-13 13:45:20"
"cluster_64_huc_041402010201_patch_282.tif",64,"41402010201",282,"invalid","","AJS","2026-02-13 13:45:22"
"cluster_64_huc_041402010201_patch_283.tif",64,"41402010201",283,"invalid","","AJS","2026-02-13 13:45:23"
"cluster_64_huc_041402010201_patch_284.tif",64,"41402010201",284,"invalid","","AJS","2026-02-13 13:45:25"
"cluster_64_huc_041402010201_patch_285.tif",64,"41402010201",285,"invalid","","AJS","2026-02-13 13:45:26"
"cluster_64_huc_041402010201_patch_286.tif",64,"41402010201",286,"uncertain","","AJS","2026-02-13 13:45:28"
"cluster_64_huc_041402010201_patch_287.tif",64,"41402010201",287,"invalid","","AJS","2026-02-13 13:45:33"
"cluster_64_huc_041402010201_patch_288.tif",64,"41402010201",288,"invalid","","AJS","2026-02-13 13:45:35"
"cluster_64_huc_041402010201_patch_289.tif",64,"41402010201",289,"invalid","","AJS","2026-02-13 13:45:38"
"cluster_64_huc_041402010201_patch_290.tif",64,"41402010201",290,"invalid","","AJS","2026-02-13 13:45:42"
"cluster_64_huc_041402010201_patch_291.tif",64,"41402010201",291,"invalid","","AJS","2026-02-13 13:45:45"
"cluster_64_huc_041402010201_patch_292.tif",64,"41402010201",292,"uncertain","","AJS","2026-02-13 13:45:47"
"cluster_64_huc_041402010201_patch_293.tif",64,"41402010201",293,"valid","","AJS","2026-02-13 13:45:49"
"cluster_64_huc_041402010201_patch_294.tif",64,"41402010201",294,"invalid","","AJS","2026-02-13 13:45:50"
"cluster_64_huc_041402010201_patch_295.tif",64,"41402010201",295,"invalid","","AJS","2026-02-13 13:45:52"
"cluster_64_huc_041402010201_patch_296.tif",64,"41402010201",296,"invalid","","AJS","2026-02-13 13:45:54"
"cluster_64_huc_041402010201_patch_297.tif",64,"41402010201",297,"uncertain","","AJS","2026-02-13 13:45:57"
"cluster_64_huc_041402010201_patch_298.tif",64,"41402010201",298,"valid","","AJS","2026-02-13 13:45:59"
"cluster_64_huc_041402010201_patch_299.tif",64,"41402010201",299,"valid","","AJS","2026-02-13 13:46:01"
"cluster_64_huc_041402010201_patch_300.tif",64,"41402010201",300,"invalid","","AJS","2026-02-13 13:46:02"
"cluster_64_huc_041402010201_patch_301.tif",64,"41402010201",301,"valid","","AJS","2026-02-13 13:46:05"
"cluster_64_huc_041402010201_patch_302.tif",64,"41402010201",302,"valid","","AJS","2026-02-13 13:46:07"
"cluster_64_huc_041402010201_patch_303.tif",64,"41402010201",303,"valid","","AJS","2026-02-13 13:46:09"
"cluster_64_huc_041402010201_patch_304.tif",64,"41402010201",304,"valid","","AJS","2026-02-13 13:46:10"
"cluster_64_huc_041402010201_patch_305.tif",64,"41402010201",305,"valid","","AJS","2026-02-13 13:46:11"
"cluster_64_huc_041402010201_patch_306.tif",64,"41402010201",306,"valid","","AJS","2026-02-13 13:46:13"
"cluster_64_huc_041402010201_patch_307.tif",64,"41402010201",307,"valid","","AJS","2026-02-13 13:46:15"
"cluster_64_huc_041402010201_patch_308.tif",64,"41402010201",308,"valid","","AJS","2026-02-13 13:46:16"
"cluster_64_huc_041402010201_patch_309.tif",64,"41402010201",309,"uncertain","","AJS","2026-02-13 13:46:19"
"cluster_64_huc_041402010201_patch_310.tif",64,"41402010201",310,"invalid","","AJS","2026-02-13 13:46:20"
"cluster_64_huc_041402010201_patch_311.tif",64,"41402010201",311,"invalid","","AJS","2026-02-13 13:46:22"
"cluster_64_huc_041402010201_patch_312.tif",64,"41402010201",312,"valid","","AJS","2026-02-13 13:46:23"
"cluster_64_huc_041402010201_patch_313.tif",64,"41402010201",313,"uncertain","","AJS","2026-02-13 13:46:26"
"cluster_64_huc_041402010201_patch_314.tif",64,"41402010201",314,"valid","","AJS","2026-02-13 13:46:28"
"cluster_64_huc_041402010201_patch_315.tif",64,"41402010201",315,"invalid","","AJS","2026-02-13 13:46:30"
"cluster_64_huc_041402010201_patch_316.tif",64,"41402010201",316,"valid","","AJS","2026-02-13 13:46:33"
"cluster_64_huc_041402010201_patch_317.tif",64,"41402010201",317,"invalid","","AJS","2026-02-13 13:46:35"
"cluster_64_huc_041402010201_patch_318.tif",64,"41402010201",318,"invalid","","AJS","2026-02-13 13:46:36"
"cluster_64_huc_041402010201_patch_319.tif",64,"41402010201",319,"invalid","","AJS","2026-02-13 13:46:37"
"cluster_64_huc_041402010201_patch_320.tif",64,"41402010201",320,"invalid","","AJS","2026-02-13 13:46:38"
"cluster_64_huc_041402010201_patch_321.tif",64,"41402010201",321,"invalid","","AJS","2026-02-13 13:46:39"
"cluster_64_huc_041402010201_patch_322.tif",64,"41402010201",322,"invalid","","AJS","2026-02-13 13:46:40"
"cluster_64_huc_041402010201_patch_323.tif",64,"41402010201",323,"invalid","","AJS","2026-02-13 13:46:41"
"cluster_64_huc_041402010201_patch_324.tif",64,"41402010201",324,"invalid","","AJS","2026-02-13 13:46:43"
"cluster_64_huc_041402010201_patch_325.tif",64,"41402010201",325,"invalid","","AJS","2026-02-13 13:46:44"
"cluster_64_huc_041402010201_patch_326.tif",64,"41402010201",326,"invalid","","AJS","2026-02-13 13:46:45"
"cluster_64_huc_041402010201_patch_327.tif",64,"41402010201",327,"invalid","","AJS","2026-02-13 13:46:46"
"cluster_64_huc_041402010201_patch_328.tif",64,"41402010201",328,"valid","","AJS","2026-02-13 13:46:49"
"cluster_64_huc_041402010201_patch_329.tif",64,"41402010201",329,"invalid","","AJS","2026-02-13 13:46:51"
"cluster_64_huc_041402010201_patch_330.tif",64,"41402010201",330,"invalid","","AJS","2026-02-13 13:46:52"
"cluster_64_huc_041402010201_patch_331.tif",64,"41402010201",331,"invalid","","AJS","2026-02-13 13:46:53"
"cluster_64_huc_041402010201_patch_332.tif",64,"41402010201",332,"invalid","","AJS","2026-02-13 13:46:54"
"cluster_64_huc_041402010201_patch_333.tif",64,"41402010201",333,"invalid","","AJS","2026-02-13 13:46:55"
"cluster_64_huc_041402010201_patch_334.tif",64,"41402010201",334,"uncertain","","AJS","2026-02-13 13:47:02"
"cluster_64_huc_041402010201_patch_335.tif",64,"41402010201",335,"uncertain","","AJS","2026-02-13 13:47:04"
"cluster_64_huc_041402010201_patch_336.tif",64,"41402010201",336,"valid","","AJS","2026-02-13 13:47:06"
"cluster_64_huc_041402010201_patch_337.tif",64,"41402010201",337,"valid","","AJS","2026-02-13 13:47:09"
"cluster_64_huc_041402010201_patch_338.tif",64,"41402010201",338,"invalid","","AJS","2026-02-13 13:47:16"
"cluster_64_huc_041402010201_patch_339.tif",64,"41402010201",339,"uncertain","","AJS","2026-02-13 13:47:18"
"cluster_64_huc_041402010201_patch_340.tif",64,"41402010201",340,"invalid","","AJS","2026-02-13 13:47:19"
"cluster_64_huc_041402010201_patch_341.tif",64,"41402010201",341,"invalid","","AJS","2026-02-13 13:47:21"
"cluster_64_huc_041402010201_patch_342.tif",64,"41402010201",342,"invalid","","AJS","2026-02-13 13:47:22"
"cluster_64_huc_041402010201_patch_343.tif",64,"41402010201",343,"invalid","","AJS","2026-02-13 13:47:29"
"cluster_64_huc_041402010201_patch_344.tif",64,"41402010201",344,"invalid","","AJS","2026-02-13 13:47:30"
"cluster_64_huc_041402010201_patch_345.tif",64,"41402010201",345,"invalid","","AJS","2026-02-13 13:47:37"
"cluster_64_huc_041402010201_patch_346.tif",64,"41402010201",346,"valid","","AJS","2026-02-13 13:47:38"
"cluster_64_huc_041402010201_patch_347.tif",64,"41402010201",347,"valid","","AJS","2026-02-13 13:47:40"
"cluster_64_huc_041402010201_patch_348.tif",64,"41402010201",348,"valid","","AJS","2026-02-13 13:47:43"
"cluster_64_huc_041402010201_patch_349.tif",64,"41402010201",349,"valid","","AJS","2026-02-13 13:47:44"
"cluster_64_huc_041402010201_patch_350.tif",64,"41402010201",350,"invalid","","AJS","2026-02-13 13:47:46"
"cluster_64_huc_041402010201_patch_351.tif",64,"41402010201",351,"valid","","AJS","2026-02-13 13:47:47"
"cluster_64_huc_041402010201_patch_352.tif",64,"41402010201",352,"valid","","AJS","2026-02-13 13:47:48"
"cluster_64_huc_041402010201_patch_353.tif",64,"41402010201",353,"valid","","AJS","2026-02-13 13:47:50"
"cluster_64_huc_041402010201_patch_354.tif",64,"41402010201",354,"valid","","AJS","2026-02-13 13:47:52"
"cluster_64_huc_041402010201_patch_355.tif",64,"41402010201",355,"valid","","AJS","2026-02-13 13:47:53"
"cluster_64_huc_041402010201_patch_356.tif",64,"41402010201",356,"valid","","AJS","2026-02-13 13:47:54"
"cluster_64_huc_041402010201_patch_357.tif",64,"41402010201",357,"invalid","","AJS","2026-02-13 13:47:55"
"cluster_64_huc_041402010201_patch_358.tif",64,"41402010201",358,"invalid","","AJS","2026-02-13 13:47:57"
"cluster_64_huc_041402010201_patch_359.tif",64,"41402010201",359,"invalid","","AJS","2026-02-13 13:47:59"
"cluster_64_huc_041402010201_patch_360.tif",64,"41402010201",360,"uncertain","","AJS","2026-02-13 13:48:01"
"cluster_64_huc_041402010201_patch_361.tif",64,"41402010201",361,"invalid","","AJS","2026-02-13 13:48:05"
"cluster_64_huc_041402010201_patch_362.tif",64,"41402010201",362,"invalid","","AJS","2026-02-13 13:48:08"
"cluster_64_huc_041402010201_patch_363.tif",64,"41402010201",363,"invalid","","AJS","2026-02-13 13:48:09"
"cluster_64_huc_041402010201_patch_364.tif",64,"41402010201",364,"invalid","","AJS","2026-02-13 13:48:10"
"cluster_64_huc_041402010201_patch_365.tif",64,"41402010201",365,"uncertain","","AJS","2026-02-13 13:48:13"
"cluster_64_huc_041402010201_patch_366.tif",64,"41402010201",366,"valid","","AJS","2026-02-13 13:48:15"
"cluster_64_huc_041402010201_patch_367.tif",64,"41402010201",367,"valid","","AJS","2026-02-13 13:48:16"
"cluster_64_huc_041402010201_patch_368.tif",64,"41402010201",368,"uncertain","","AJS","2026-02-13 13:48:20"
"cluster_64_huc_041402010201_patch_369.tif",64,"41402010201",369,"uncertain","","AJS","2026-02-13 13:48:22"
"cluster_64_huc_041402010201_patch_370.tif",64,"41402010201",370,"invalid","","AJS","2026-02-13 13:48:24"
"cluster_64_huc_041402010201_patch_371.tif",64,"41402010201",371,"invalid","","AJS","2026-02-13 13:48:25"
"cluster_64_huc_041402010201_patch_372.tif",64,"41402010201",372,"valid","","AJS","2026-02-13 13:48:27"
"cluster_64_huc_041402010201_patch_373.tif",64,"41402010201",373,"uncertain","","AJS","2026-02-13 13:48:31"
"cluster_64_huc_041402010201_patch_374.tif",64,"41402010201",374,"uncertain","","AJS","2026-02-13 13:49:07"
"cluster_64_huc_041402010201_patch_375.tif",64,"041402010201",375,"uncertain","","AJS","2026-02-13 13:59:47"
"cluster_64_huc_041402010201_patch_376.tif",64,"041402010201",376,"uncertain","","AJS","2026-02-13 13:59:50"
"cluster_64_huc_041402010201_patch_377.tif",64,"041402010201",377,"uncertain","","AJS","2026-02-13 13:59:51"
"cluster_64_huc_041402010201_patch_378.tif",64,"041402010201",378,"uncertain","","AJS","2026-02-13 13:59:54"
"cluster_64_huc_041402010201_patch_379.tif",64,"041402010201",379,"invalid","","AJS","2026-02-13 13:59:59"
"cluster_64_huc_041402010201_patch_380.tif",64,"041402010201",380,"valid","","AJS","2026-02-13 14:00:04"
"cluster_64_huc_041402010201_patch_381.tif",64,"041402010201",381,"valid","","AJS","2026-02-13 14:00:08"
"cluster_64_huc_041402010201_patch_382.tif",64,"041402010201",382,"valid","","AJS","2026-02-13 14:00:12"
"cluster_64_huc_041402010201_patch_383.tif",64,"041402010201",383,"valid","","AJS","2026-02-13 14:00:13"
"cluster_64_huc_041402010201_patch_384.tif",64,"041402010201",384,"valid","","AJS","2026-02-13 14:00:14"
"cluster_64_huc_041402010201_patch_385.tif",64,"041402010201",385,"valid","","AJS","2026-02-13 14:00:16"
"cluster_64_huc_041402010201_patch_386.tif",64,"041402010201",386,"uncertain","","AJS","2026-02-13 14:00:19"
"cluster_64_huc_041402010201_patch_387.tif",64,"041402010201",387,"uncertain","","AJS","2026-02-13 14:00:22"
"cluster_64_huc_041402010201_patch_388.tif",64,"041402010201",388,"uncertain","","AJS","2026-02-13 14:00:23"
"cluster_64_huc_041402010201_patch_389.tif",64,"041402010201",389,"uncertain","","AJS","2026-02-13 14:00:25"
"cluster_64_huc_041402010201_patch_390.tif",64,"041402010201",390,"valid","","AJS","2026-02-13 14:00:26"
"cluster_64_huc_041402010201_patch_391.tif",64,"041402010201",391,"invalid","","AJS","2026-02-13 14:00:29"
"cluster_64_huc_041402010201_patch_392.tif",64,"041402010201",392,"valid","","AJS","2026-02-13 14:00:31"
"cluster_64_huc_041402010201_patch_393.tif",64,"041402010201",393,"invalid","","AJS","2026-02-13 14:00:34"
"cluster_64_huc_041402010201_patch_394.tif",64,"041402010201",394,"valid","","AJS","2026-02-13 14:00:36"
"cluster_64_huc_041402010201_patch_395.tif",64,"041402010201",395,"valid","","AJS","2026-02-13 14:00:40"
"cluster_64_huc_041402010201_patch_396.tif",64,"041402010201",396,"uncertain","","AJS","2026-02-13 14:00:42"
"cluster_64_huc_041402010201_patch_397.tif",64,"041402010201",397,"uncertain","","AJS","2026-02-13 14:00:44"
"cluster_64_huc_041402010201_patch_398.tif",64,"041402010201",398,"uncertain","","AJS","2026-02-13 14:00:46"
"cluster_64_huc_041402010201_patch_399.tif",64,"041402010201",399,"uncertain","","AJS","2026-02-13 14:00:48"
"cluster_64_huc_041402010201_patch_400.tif",64,"041402010201",400,"invalid","","AJS","2026-02-13 14:00:50"
"cluster_64_huc_041402010201_patch_401.tif",64,"041402010201",401,"valid","","AJS","2026-02-13 14:00:53"
"cluster_64_huc_041402010201_patch_402.tif",64,"041402010201",402,"uncertain","","AJS","2026-02-13 14:00:57"
"cluster_64_huc_041402010201_patch_403.tif",64,"041402010201",403,"valid","","AJS","2026-02-13 14:00:59"
"cluster_64_huc_041402010201_patch_404.tif",64,"041402010201",404,"valid","","AJS","2026-02-13 14:01:02"
"cluster_64_huc_041402010201_patch_405.tif",64,"041402010201",405,"valid","","AJS","2026-02-13 14:01:07"
"cluster_64_huc_041402010201_patch_406.tif",64,"041402010201",406,"valid","","AJS","2026-02-13 14:01:10"
"cluster_64_huc_041402010201_patch_407.tif",64,"041402010201",407,"invalid","","AJS","2026-02-13 14:01:15"
"cluster_64_huc_041402010201_patch_408.tif",64,"041402010201",408,"valid","","AJS","2026-02-13 14:01:17"
"cluster_64_huc_041402010201_patch_409.tif",64,"041402010201",409,"valid","","AJS","2026-02-13 14:01:18"
"cluster_64_huc_041402010201_patch_410.tif",64,"041402010201",410,"valid","","AJS","2026-02-13 14:01:19"
"cluster_64_huc_041402010201_patch_411.tif",64,"041402010201",411,"valid","","AJS","2026-02-13 14:01:22"
"cluster_64_huc_041402010201_patch_412.tif",64,"041402010201",412,"valid","","AJS","2026-02-13 14:01:24"
"cluster_64_huc_041402010201_patch_413.tif",64,"041402010201",413,"valid","","AJS","2026-02-13 14:01:26"
"cluster_64_huc_041402010201_patch_414.tif",64,"041402010201",414,"valid","","AJS","2026-02-13 14:01:28"
"cluster_64_huc_041402010201_patch_415.tif",64,"041402010201",415,"valid","","AJS","2026-02-13 14:01:29"
"cluster_64_huc_041402010201_patch_416.tif",64,"041402010201",416,"invalid","","AJS","2026-02-13 14:01:32"
"cluster_64_huc_041402010201_patch_417.tif",64,"041402010201",417,"valid","","AJS","2026-02-13 14:01:34"
"cluster_64_huc_041402010201_patch_418.tif",64,"041402010201",418,"valid","","AJS","2026-02-13 14:01:35"
"cluster_64_huc_041402010201_patch_419.tif",64,"041402010201",419,"valid","","AJS","2026-02-13 14:01:36"
"cluster_64_huc_041402010201_patch_420.tif",64,"041402010201",420,"valid","","AJS","2026-02-13 14:01:38"
"cluster_64_huc_041402010201_patch_421.tif",64,"041402010201",421,"valid","","AJS","2026-02-13 14:01:44"
"cluster_64_huc_041402010201_patch_422.tif",64,"041402010201",422,"valid","","AJS","2026-02-13 14:01:47"
"cluster_64_huc_041402010201_patch_423.tif",64,"041402010201",423,"uncertain","","AJS","2026-02-13 14:01:50"
"cluster_64_huc_041402010201_patch_424.tif",64,"041402010201",424,"invalid","","AJS","2026-02-13 14:01:52"
"cluster_64_huc_041402010201_patch_425.tif",64,"041402010201",425,"valid","","AJS","2026-02-13 14:01:53"
"cluster_64_huc_041402010201_patch_426.tif",64,"041402010201",426,"valid","","AJS","2026-02-13 14:02:00"
"cluster_64_huc_041402010201_patch_427.tif",64,"041402010201",427,"valid","","AJS","2026-02-13 14:02:02"
"cluster_64_huc_041402010201_patch_428.tif",64,"041402010201",428,"valid","","AJS","2026-02-13 14:02:04"
"cluster_64_huc_041402010201_patch_429.tif",64,"041402010201",429,"valid","","AJS","2026-02-13 14:02:05"
"cluster_64_huc_041402010201_patch_430.tif",64,"041402010201",430,"valid","","AJS","2026-02-13 14:02:06"
"cluster_64_huc_041402010201_patch_431.tif",64,"041402010201",431,"valid","","AJS","2026-02-13 14:02:10"
"cluster_64_huc_041402010201_patch_432.tif",64,"041402010201",432,"valid","","AJS","2026-02-13 14:02:11"
"cluster_64_huc_041402010201_patch_433.tif",64,"041402010201",433,"valid","","AJS","2026-02-13 14:02:17"
"cluster_64_huc_041402010201_patch_434.tif",64,"041402010201",434,"valid","","AJS","2026-02-13 14:02:22"
"cluster_64_huc_041402010201_patch_435.tif",64,"041402010201",435,"valid","","AJS","2026-02-13 14:02:23"
"cluster_64_huc_041402010201_patch_436.tif",64,"041402010201",436,"valid","","AJS","2026-02-13 14:02:25"
"cluster_64_huc_041402010201_patch_437.tif",64,"041402010201",437,"valid","","AJS","2026-02-13 14:02:27"
"cluster_64_huc_041402010201_patch_438.tif",64,"041402010201",438,"valid","","AJS","2026-02-13 14:02:31"
"cluster_64_huc_041402010201_patch_439.tif",64,"041402010201",439,"valid","","AJS","2026-02-13 14:02:32"
"cluster_64_huc_041402010201_patch_440.tif",64,"041402010201",440,"valid","","AJS","2026-02-13 14:02:34"
"cluster_64_huc_041402010201_patch_441.tif",64,"041402010201",441,"invalid","","AJS","2026-02-13 14:02:36"
"cluster_64_huc_041402010201_patch_442.tif",64,"041402010201",442,"uncertain","","AJS","2026-02-13 14:02:40"
"cluster_64_huc_041402010201_patch_443.tif",64,"041402010201",443,"valid","","AJS","2026-02-13 14:02:45"
"cluster_64_huc_041402010201_patch_444.tif",64,"041402010201",444,"uncertain","","AJS","2026-02-13 14:02:50"
"cluster_64_huc_041402010201_patch_445.tif",64,"041402010201",445,"valid","","AJS","2026-02-13 14:02:52"
"cluster_64_huc_041402010201_patch_446.tif",64,"041402010201",446,"valid","","AJS","2026-02-13 14:06:30"
"cluster_64_huc_041402010201_patch_447.tif",64,"041402010201",447,"invalid","","AJS","2026-02-13 14:06:34"
"cluster_64_huc_041402010201_patch_448.tif",64,"041402010201",448,"invalid","","AJS","2026-02-13 14:06:35"
"cluster_64_huc_041402010201_patch_449.tif",64,"041402010201",449,"valid","","AJS","2026-02-13 14:06:37"
"cluster_64_huc_041402010201_patch_450.tif",64,"041402010201",450,"valid","","AJS","2026-02-13 14:06:38"
"cluster_64_huc_041402010201_patch_451.tif",64,"041402010201",451,"invalid","","AJS","2026-02-13 14:06:41"
"cluster_64_huc_041402010201_patch_452.tif",64,"041402010201",452,"valid","","AJS","2026-02-13 14:06:43"
"cluster_64_huc_041402010201_patch_453.tif",64,"041402010201",453,"invalid","","AJS","2026-02-13 14:06:45"
"cluster_64_huc_041402010201_patch_454.tif",64,"041402010201",454,"valid","","AJS","2026-02-13 14:06:47"
"cluster_64_huc_041402010201_patch_455.tif",64,"041402010201",455,"valid","","AJS","2026-02-13 14:06:49"
"cluster_64_huc_041402010201_patch_456.tif",64,"041402010201",456,"valid","","AJS","2026-02-13 14:06:50"
"cluster_64_huc_041402010201_patch_457.tif",64,"041402010201",457,"uncertain","","AJS","2026-02-13 14:06:52"
"cluster_64_huc_041402010201_patch_458.tif",64,"041402010201",458,"invalid","","AJS","2026-02-13 14:06:54"
"cluster_64_huc_041402010201_patch_459.tif",64,"041402010201",459,"invalid","","AJS","2026-02-13 14:06:56"
"cluster_152_huc_020200010102_patch_128.tif",152,"020200010102",128,"invalid","","AJS","2026-02-13 14:11:33"
"cluster_152_huc_020200010102_patch_129.tif",152,"020200010102",129,"invalid","","AJS","2026-02-13 14:11:34"
"cluster_152_huc_020200010102_patch_130.tif",152,"020200010102",130,"invalid","","AJS","2026-02-13 14:11:35"
"cluster_152_huc_020200010102_patch_131.tif",152,"020200010102",131,"invalid","","AJS","2026-02-13 14:11:36"
"cluster_152_huc_020200010102_patch_132.tif",152,"020200010102",132,"invalid","","AJS","2026-02-13 14:11:37"
"cluster_152_huc_020200010102_patch_133.tif",152,"020200010102",133,"invalid","","AJS","2026-02-13 14:11:37"
"cluster_152_huc_020200010102_patch_134.tif",152,"020200010102",134,"invalid","","AJS","2026-02-13 14:11:38"
"cluster_152_huc_020200010102_patch_135.tif",152,"020200010102",135,"uncertain","","AJS","2026-02-13 14:11:41"
"cluster_152_huc_020200010102_patch_136.tif",152,"020200010102",136,"uncertain","","AJS","2026-02-13 14:11:43"
"cluster_152_huc_020200010102_patch_137.tif",152,"020200010102",137,"uncertain","","AJS","2026-02-13 14:11:48"
"cluster_152_huc_020200010102_patch_138.tif",152,"020200010102",138,"invalid","","AJS","2026-02-13 14:11:57"
"cluster_152_huc_020200010102_patch_139.tif",152,"020200010102",139,"invalid","","AJS","2026-02-13 14:11:58"
"cluster_152_huc_020200010102_patch_140.tif",152,"020200010102",140,"invalid","","AJS","2026-02-13 14:11:59"
"cluster_152_huc_020200010102_patch_141.tif",152,"020200010102",141,"invalid","","AJS","2026-02-13 14:12:01"
"cluster_152_huc_020200010102_patch_142.tif",152,"020200010102",142,"invalid","","AJS","2026-02-13 14:12:02"
"cluster_152_huc_020200010102_patch_143.tif",152,"020200010102",143,"invalid","","AJS","2026-02-13 14:12:03"
"cluster_152_huc_020200010102_patch_144.tif",152,"020200010102",144,"invalid","","AJS","2026-02-13 14:12:04"
"cluster_152_huc_020200010102_patch_145.tif",152,"020200010102",145,"invalid","","AJS","2026-02-13 14:12:06"
"cluster_152_huc_020200010102_patch_146.tif",152,"020200010102",146,"invalid","","AJS","2026-02-13 14:12:07"
"cluster_152_huc_020200010102_patch_147.tif",152,"020200010102",147,"invalid","","AJS","2026-02-13 14:12:08"
"cluster_152_huc_020200010102_patch_148.tif",152,"020200010102",148,"invalid","","AJS","2026-02-13 14:12:11"
"cluster_152_huc_020200010102_patch_149.tif",152,"020200010102",149,"invalid","","AJS","2026-02-13 14:12:15"
"cluster_152_huc_020200010102_patch_150.tif",152,"020200010102",150,"uncertain","","AJS","2026-02-13 14:12:20"
"cluster_152_huc_020200010102_patch_151.tif",152,"020200010102",151,"invalid","","AJS","2026-02-13 14:12:23"
"cluster_152_huc_020200010102_patch_152.tif",152,"020200010102",152,"uncertain","","AJS","2026-02-13 14:12:28"
"cluster_152_huc_020200010102_patch_153.tif",152,"020200010102",153,"valid","","AJS","2026-02-13 14:12:30"
"cluster_152_huc_020200010102_patch_154.tif",152,"020200010102",154,"invalid","","AJS","2026-02-13 14:12:37"
"cluster_152_huc_020200010102_patch_155.tif",152,"020200010102",155,"invalid","","AJS","2026-02-13 14:12:39"
"cluster_152_huc_020200010102_patch_156.tif",152,"020200010102",156,"invalid","","AJS","2026-02-13 14:12:40"
"cluster_152_huc_020200010102_patch_157.tif",152,"020200010102",157,"invalid","","AJS","2026-02-13 14:12:41"
"cluster_152_huc_020200010102_patch_158.tif",152,"020200010102",158,"invalid","","AJS","2026-02-13 14:12:42"
"cluster_152_huc_020200010102_patch_159.tif",152,"020200010102",159,"invalid","","AJS","2026-02-13 14:12:43"
"cluster_152_huc_020200010102_patch_160.tif",152,"020200010102",160,"invalid","","AJS","2026-02-13 14:12:43"
"cluster_152_huc_020200010102_patch_161.tif",152,"020200010102",161,"invalid","","AJS","2026-02-13 14:12:44"
"cluster_152_huc_020200010102_patch_162.tif",152,"020200010102",162,"invalid","","AJS","2026-02-13 14:12:45"
"cluster_152_huc_020200010102_patch_163.tif",152,"020200010102",163,"invalid","","AJS","2026-02-13 14:12:46"
"cluster_152_huc_020200010102_patch_164.tif",152,"020200010102",164,"invalid","","AJS","2026-02-13 14:12:47"
"cluster_152_huc_020200010102_patch_165.tif",152,"020200010102",165,"invalid","","AJS","2026-02-13 14:12:47"
"cluster_152_huc_020200010102_patch_166.tif",152,"020200010102",166,"invalid","","AJS","2026-02-13 14:12:48"
"cluster_152_huc_020200010102_patch_167.tif",152,"020200010102",167,"invalid","","AJS","2026-02-13 14:12:49"
"cluster_152_huc_020200010102_patch_168.tif",152,"020200010102",168,"invalid","","AJS","2026-02-13 14:12:50"
"cluster_152_huc_020200010102_patch_169.tif",152,"020200010102",169,"invalid","","AJS","2026-02-13 14:12:51"
"cluster_152_huc_020200010102_patch_170.tif",152,"020200010102",170,"invalid","","AJS","2026-02-13 14:12:53"
"cluster_152_huc_020200010102_patch_171.tif",152,"020200010102",171,"invalid","","AJS","2026-02-13 14:12:59"
"cluster_152_huc_020200010102_patch_172.tif",152,"020200010102",172,"invalid","","AJS","2026-02-13 14:13:01"
"cluster_152_huc_020200010102_patch_173.tif",152,"020200010102",173,"invalid","","AJS","2026-02-13 14:13:03"
"cluster_152_huc_020200010102_patch_174.tif",152,"020200010102",174,"invalid","","AJS","2026-02-13 14:13:04"
"cluster_152_huc_020200010102_patch_175.tif",152,"020200010102",175,"invalid","","AJS","2026-02-13 14:13:05"
"cluster_152_huc_020200010102_patch_176.tif",152,"020200010102",176,"invalid","","AJS","2026-02-13 14:13:07"
"cluster_152_huc_020200010102_patch_177.tif",152,"020200010102",177,"uncertain","","AJS","2026-02-13 14:13:10"
"cluster_152_huc_020200010102_patch_178.tif",152,"020200010102",178,"uncertain","","AJS","2026-02-13 14:13:11"
"cluster_152_huc_020200010102_patch_179.tif",152,"020200010102",179,"uncertain","","AJS","2026-02-13 14:13:13"
"cluster_152_huc_020200010102_patch_180.tif",152,"020200010102",180,"uncertain","","AJS","2026-02-13 14:13:15"
"cluster_152_huc_020200010102_patch_181.tif",152,"020200010102",181,"uncertain","","AJS","2026-02-13 14:13:17"
"cluster_152_huc_020200010102_patch_182.tif",152,"020200010102",182,"uncertain","","AJS","2026-02-13 14:13:18"
"cluster_152_huc_020200010102_patch_183.tif",152,"020200010102",183,"invalid","","AJS","2026-02-13 14:13:20"
"cluster_152_huc_020200010102_patch_184.tif",152,"020200010102",184,"invalid","","AJS","2026-02-13 14:13:20"
"cluster_152_huc_020200010102_patch_185.tif",152,"020200010102",185,"uncertain","","AJS","2026-02-13 14:13:24"
"cluster_152_huc_020200010102_patch_186.tif",152,"020200010102",186,"invalid","","AJS","2026-02-13 14:13:25"
"cluster_152_huc_020200010102_patch_187.tif",152,"020200010102",187,"uncertain","","AJS","2026-02-13 14:13:26"
"cluster_152_huc_020200010102_patch_188.tif",152,"020200010102",188,"invalid","","AJS","2026-02-13 14:13:27"
"cluster_152_huc_020200010102_patch_189.tif",152,"020200010102",189,"invalid","","AJS","2026-02-13 14:13:28"
"cluster_152_huc_020200010102_patch_190.tif",152,"020200010102",190,"invalid","","AJS","2026-02-13 14:13:29"
"cluster_152_huc_020200010102_patch_191.tif",152,"020200010102",191,"invalid","","AJS","2026-02-13 14:13:30"
"cluster_152_huc_020200010102_patch_192.tif",152,"020200010102",192,"invalid","","AJS","2026-02-13 14:13:30"
"cluster_152_huc_020200010102_patch_193.tif",152,"020200010102",193,"invalid","","AJS","2026-02-13 14:13:31"
"cluster_152_huc_020200010102_patch_194.tif",152,"020200010102",194,"invalid","","AJS","2026-02-13 14:13:31"
"cluster_152_huc_020200010102_patch_195.tif",152,"020200010102",195,"invalid","","AJS","2026-02-13 14:13:31"
"cluster_152_huc_020200010102_patch_196.tif",152,"020200010102",196,"invalid","","AJS","2026-02-13 14:13:32"
"cluster_152_huc_020200010102_patch_197.tif",152,"020200010102",197,"invalid","","AJS","2026-02-13 14:13:33"
"cluster_152_huc_020200010102_patch_198.tif",152,"020200010102",198,"invalid","","AJS","2026-02-13 14:13:34"
"cluster_152_huc_020200010102_patch_199.tif",152,"020200010102",199,"invalid","","AJS","2026-02-13 14:13:36"
"cluster_152_huc_020200010102_patch_200.tif",152,"020200010102",200,"invalid","","AJS","2026-02-13 14:13:37"
"cluster_152_huc_020200010102_patch_201.tif",152,"020200010102",201,"invalid","","AJS","2026-02-13 14:13:38"
"cluster_152_huc_020200010102_patch_202.tif",152,"020200010102",202,"invalid","","AJS","2026-02-13 14:13:39"
"cluster_152_huc_020200010102_patch_203.tif",152,"020200010102",203,"invalid","","AJS","2026-02-13 14:13:39"
"cluster_152_huc_020200010102_patch_204.tif",152,"020200010102",204,"invalid","","AJS","2026-02-13 14:13:40"
"cluster_152_huc_020200010102_patch_205.tif",152,"020200010102",205,"invalid","","AJS","2026-02-13 14:13:41"
"cluster_152_huc_020200010102_patch_206.tif",152,"020200010102",206,"invalid","","AJS","2026-02-13 14:13:41"
"cluster_152_huc_020200010102_patch_207.tif",152,"020200010102",207,"invalid","","AJS","2026-02-13 14:13:42"
"cluster_152_huc_020200010102_patch_208.tif",152,"020200010102",208,"invalid","","AJS","2026-02-13 14:13:43"
"cluster_152_huc_020200010102_patch_209.tif",152,"020200010102",209,"invalid","","AJS","2026-02-13 14:13:43"
"cluster_152_huc_020200010102_patch_210.tif",152,"020200010102",210,"invalid","","AJS","2026-02-13 14:13:44"
"cluster_152_huc_020200010102_patch_211.tif",152,"020200010102",211,"invalid","","AJS","2026-02-13 14:13:46"
"cluster_152_huc_020200010102_patch_212.tif",152,"020200010102",212,"invalid","","AJS","2026-02-13 14:13:47"
"cluster_152_huc_020200010102_patch_213.tif",152,"020200010102",213,"invalid","","AJS","2026-02-13 14:13:48"
"cluster_152_huc_020200010102_patch_214.tif",152,"020200010102",214,"invalid","","AJS","2026-02-13 14:13:49"
"cluster_152_huc_020200010102_patch_215.tif",152,"020200010102",215,"invalid","","AJS","2026-02-13 14:13:49"
"cluster_152_huc_020200010102_patch_216.tif",152,"020200010102",216,"invalid","","AJS","2026-02-13 14:13:50"
"cluster_152_huc_020200010102_patch_217.tif",152,"020200010102",217,"invalid","","AJS","2026-02-13 14:13:51"
"cluster_152_huc_020200010102_patch_218.tif",152,"020200010102",218,"invalid","","AJS","2026-02-13 14:13:51"
"cluster_152_huc_020200010102_patch_219.tif",152,"020200010102",219,"invalid","","AJS","2026-02-13 14:13:52"
"cluster_152_huc_020200010102_patch_220.tif",152,"020200010102",220,"invalid","","AJS","2026-02-13 14:13:52"
"cluster_152_huc_020200010102_patch_221.tif",152,"020200010102",221,"invalid","","AJS","2026-02-13 14:13:53"
"cluster_152_huc_020200010102_patch_222.tif",152,"020200010102",222,"invalid","","AJS","2026-02-13 14:13:53"
"cluster_152_huc_020200010102_patch_223.tif",152,"020200010102",223,"invalid","","AJS","2026-02-13 14:13:53"
"cluster_152_huc_020200010102_patch_224.tif",152,"020200010102",224,"invalid","","AJS","2026-02-13 14:13:54"
"cluster_152_huc_020200010102_patch_225.tif",152,"020200010102",225,"invalid","","AJS","2026-02-13 14:13:54"
"cluster_152_huc_020200010102_patch_226.tif",152,"020200010102",226,"invalid","","AJS","2026-02-13 14:13:55"
"cluster_152_huc_020200010102_patch_227.tif",152,"020200010102",227,"invalid","","AJS","2026-02-13 14:13:55"
"cluster_152_huc_020200010102_patch_228.tif",152,"020200010102",228,"invalid","","AJS","2026-02-13 14:13:55"
"cluster_152_huc_020200010102_patch_229.tif",152,"020200010102",229,"uncertain","","AJS","2026-02-13 14:14:00"
"cluster_152_huc_020200010102_patch_230.tif",152,"020200010102",230,"invalid","","AJS","2026-02-13 14:14:01"
"cluster_152_huc_020200010102_patch_231.tif",152,"020200010102",231,"invalid","","AJS","2026-02-13 14:14:02"
"cluster_152_huc_020200010102_patch_232.tif",152,"020200010102",232,"invalid","","AJS","2026-02-13 14:14:03"
"cluster_152_huc_020200010102_patch_233.tif",152,"020200010102",233,"invalid","","AJS","2026-02-13 14:14:03"
"cluster_152_huc_020200010102_patch_234.tif",152,"020200010102",234,"invalid","","AJS","2026-02-13 14:14:04"
"cluster_152_huc_020200010102_patch_235.tif",152,"020200010102",235,"invalid","","AJS","2026-02-13 14:14:04"
"cluster_152_huc_020200010102_patch_236.tif",152,"020200010102",236,"invalid","","AJS","2026-02-13 14:14:05"
"cluster_152_huc_020200010102_patch_237.tif",152,"020200010102",237,"invalid","","AJS","2026-02-13 14:14:05"
"cluster_152_huc_020200010102_patch_238.tif",152,"020200010102",238,"invalid","","AJS","2026-02-13 14:14:06"
"cluster_152_huc_020200010102_patch_239.tif",152,"020200010102",239,"invalid","","AJS","2026-02-13 14:14:11"
"cluster_152_huc_020200010102_patch_240.tif",152,"020200010102",240,"invalid","","AJS","2026-02-13 14:14:12"
"cluster_152_huc_020200010102_patch_241.tif",152,"020200010102",241,"invalid","","AJS","2026-02-13 14:14:14"
"cluster_152_huc_020200010102_patch_242.tif",152,"020200010102",242,"invalid","","AJS","2026-02-13 14:14:18"
"cluster_152_huc_020200010102_patch_243.tif",152,"020200010102",243,"invalid","","AJS","2026-02-13 14:14:25"
"cluster_152_huc_020200010102_patch_244.tif",152,"020200010102",244,"invalid","","AJS","2026-02-13 14:14:26"
"cluster_152_huc_020200010102_patch_245.tif",152,"020200010102",245,"invalid","","AJS","2026-02-13 14:14:29"
"cluster_152_huc_020200010102_patch_246.tif",152,"020200010102",246,"invalid","","AJS","2026-02-13 14:14:31"
"cluster_152_huc_020200010102_patch_247.tif",152,"020200010102",247,"invalid","","AJS","2026-02-13 14:14:32"
"cluster_152_huc_020200010102_patch_248.tif",152,"020200010102",248,"invalid","","AJS","2026-02-13 14:14:32"
"cluster_152_huc_020200010102_patch_249.tif",152,"020200010102",249,"invalid","","AJS","2026-02-13 14:14:32"
"cluster_152_huc_020200010102_patch_250.tif",152,"020200010102",250,"invalid","","AJS","2026-02-13 14:14:33"
"cluster_152_huc_020200010102_patch_251.tif",152,"020200010102",251,"invalid","","AJS","2026-02-13 14:14:33"
"cluster_152_huc_020200010102_patch_252.tif",152,"020200010102",252,"invalid","","AJS","2026-02-13 14:14:33"
"cluster_152_huc_020200010102_patch_253.tif",152,"020200010102",253,"invalid","","AJS","2026-02-13 14:14:34"
"cluster_152_huc_020200010102_patch_254.tif",152,"020200010102",254,"invalid","","AJS","2026-02-13 14:14:34"
"cluster_152_huc_020200010102_patch_255.tif",152,"020200010102",255,"invalid","","AJS","2026-02-13 14:14:35"
"cluster_152_huc_020200010102_patch_256.tif",152,"020200010102",256,"invalid","","AJS","2026-02-13 14:14:35"
"cluster_152_huc_020200010102_patch_257.tif",152,"020200010102",257,"uncertain","","AJS","2026-02-13 14:14:43"
"cluster_152_huc_020200010102_patch_258.tif",152,"020200010102",258,"invalid","","AJS","2026-02-13 14:14:44"
"cluster_152_huc_020200010102_patch_259.tif",152,"020200010102",259,"invalid","","AJS","2026-02-13 14:14:45"
"cluster_152_huc_020200010102_patch_260.tif",152,"020200010102",260,"invalid","","AJS","2026-02-13 14:14:45"
"cluster_152_huc_020200010102_patch_261.tif",152,"020200010102",261,"uncertain","","AJS","2026-02-13 14:14:51"
"cluster_152_huc_020200010102_patch_262.tif",152,"020200010102",262,"invalid","","AJS","2026-02-13 14:14:53"
"cluster_152_huc_020200010102_patch_263.tif",152,"020200010102",263,"invalid","","AJS","2026-02-13 14:14:54"
"cluster_152_huc_020200010102_patch_264.tif",152,"020200010102",264,"invalid","","AJS","2026-02-13 14:14:54"
"cluster_152_huc_020200010102_patch_265.tif",152,"020200010102",265,"invalid","","AJS","2026-02-13 14:14:54"
"cluster_152_huc_020200010102_patch_266.tif",152,"020200010102",266,"invalid","","AJS","2026-02-13 14:14:55"
"cluster_152_huc_020200010102_patch_267.tif",152,"020200010102",267,"invalid","","AJS","2026-02-13 14:14:55"
"cluster_152_huc_020200010102_patch_268.tif",152,"020200010102",268,"invalid","","AJS","2026-02-13 14:14:55"
"cluster_152_huc_020200010102_patch_269.tif",152,"020200010102",269,"invalid","","AJS","2026-02-13 14:14:56"
"cluster_152_huc_020200010102_patch_270.tif",152,"020200010102",270,"invalid","","AJS","2026-02-13 14:15:01"
"cluster_152_huc_020200010102_patch_271.tif",152,"020200010102",271,"uncertain","","AJS","2026-02-13 14:15:07"
"cluster_152_huc_020200010102_patch_272.tif",152,"020200010102",272,"uncertain","","AJS","2026-02-13 14:15:10"
"cluster_152_huc_020200010102_patch_273.tif",152,"020200010102",273,"uncertain","","AJS","2026-02-13 14:15:11"
"cluster_152_huc_020200010102_patch_274.tif",152,"020200010102",274,"invalid","","AJS","2026-02-13 14:15:13"
"cluster_152_huc_020200010102_patch_275.tif",152,"020200010102",275,"invalid","","AJS","2026-02-13 14:15:15"
"cluster_152_huc_020200010102_patch_276.tif",152,"020200010102",276,"invalid","","AJS","2026-02-13 14:15:25"
"cluster_152_huc_020200010102_patch_277.tif",152,"020200010102",277,"invalid","","AJS","2026-02-13 14:15:30"
"cluster_152_huc_020200010102_patch_278.tif",152,"020200010102",278,"invalid","","AJS","2026-02-13 14:15:31"
"cluster_152_huc_020200010102_patch_279.tif",152,"020200010102",279,"invalid","","AJS","2026-02-13 14:15:37"
"cluster_152_huc_020200010102_patch_280.tif",152,"020200010102",280,"invalid","","AJS","2026-02-13 14:15:39"
"cluster_152_huc_020200010102_patch_281.tif",152,"020200010102",281,"invalid","","AJS","2026-02-13 14:15:40"
"cluster_152_huc_020200010102_patch_282.tif",152,"020200010102",282,"invalid","","AJS","2026-02-13 14:15:41"
"cluster_152_huc_020200010102_patch_283.tif",152,"020200010102",283,"valid","","AJS","2026-02-13 14:15:43"
"cluster_152_huc_020200010102_patch_284.tif",152,"020200010102",284,"valid","","AJS","2026-02-13 14:15:44"
"cluster_152_huc_020200010102_patch_285.tif",152,"020200010102",285,"valid","","AJS","2026-02-13 14:15:45"
"cluster_152_huc_020200010102_patch_286.tif",152,"020200010102",286,"valid","","AJS","2026-02-13 14:15:46"
"cluster_152_huc_020200010102_patch_287.tif",152,"020200010102",287,"valid","","AJS","2026-02-13 14:15:46"
"cluster_152_huc_020200010102_patch_288.tif",152,"020200010102",288,"valid","","AJS","2026-02-13 14:15:47"
"cluster_152_huc_020200010102_patch_289.tif",152,"020200010102",289,"valid","","AJS","2026-02-13 14:15:47"
"cluster_152_huc_020200010102_patch_290.tif",152,"020200010102",290,"valid","","AJS","2026-02-13 14:15:48"
"cluster_152_huc_020200010102_patch_291.tif",152,"020200010102",291,"valid","","AJS","2026-02-13 14:15:49"
"cluster_152_huc_020200010102_patch_292.tif",152,"020200010102",292,"valid","","AJS","2026-02-13 14:15:49"
"cluster_152_huc_020200010102_patch_293.tif",152,"020200010102",293,"valid","","AJS","2026-02-13 14:15:50"
"cluster_152_huc_020200010102_patch_294.tif",152,"020200010102",294,"valid","","AJS","2026-02-13 14:15:51"
"cluster_152_huc_020200010102_patch_295.tif",152,"020200010102",295,"valid","","AJS","2026-02-13 14:15:51"
"cluster_152_huc_020200010102_patch_296.tif",152,"020200010102",296,"valid","","AJS","2026-02-13 14:15:52"
"cluster_152_huc_020200010102_patch_297.tif",152,"020200010102",297,"valid","","AJS","2026-02-13 14:15:53"
"cluster_152_huc_020200010102_patch_298.tif",152,"020200010102",298,"valid","","AJS","2026-02-13 14:15:56"
"cluster_152_huc_020200010102_patch_299.tif",152,"020200010102",299,"valid","","AJS","2026-02-13 14:15:57"
"cluster_152_huc_020200010102_patch_300.tif",152,"020200010102",300,"invalid","","AJS","2026-02-13 14:15:59"
"cluster_152_huc_020200010102_patch_301.tif",152,"020200010102",301,"valid","","AJS","2026-02-13 14:16:01"
"cluster_152_huc_020200010102_patch_302.tif",152,"020200010102",302,"valid","","AJS","2026-02-13 14:16:02"
"cluster_152_huc_020200010102_patch_303.tif",152,"020200010102",303,"valid","","AJS","2026-02-13 14:16:03"
"cluster_152_huc_020200010102_patch_304.tif",152,"020200010102",304,"valid","","AJS","2026-02-13 14:16:05"
"cluster_152_huc_020200010102_patch_305.tif",152,"020200010102",305,"valid","","AJS","2026-02-13 14:16:06"
"cluster_152_huc_020200010102_patch_306.tif",152,"020200010102",306,"valid","","AJS","2026-02-13 14:16:06"
"cluster_152_huc_020200010102_patch_307.tif",152,"020200010102",307,"invalid","","AJS","2026-02-13 14:16:08"
"cluster_152_huc_020200010102_patch_308.tif",152,"020200010102",308,"valid","","AJS","2026-02-13 14:16:10"
"cluster_152_huc_020200010102_patch_309.tif",152,"020200010102",309,"valid","","AJS","2026-02-13 14:16:11"
"cluster_152_huc_020200010102_patch_310.tif",152,"020200010102",310,"invalid","","AJS","2026-02-13 14:16:14"
